Timestamp,DateTime,BME680_Port0,BME680_Port1,STS35_Port4,SHT45_Port5,STS35_Port6,SHT45_Port7,Fused_Temp
20250625_183636,2025-06-25 18:36:36,26.77,27.05,26.92,27.22,26.86,27.13,27.03
20250625_183736,2025-06-25 18:37:36,26.86,27.17,26.94,27.22,26.85,27.13,27.05
20250625_183836,2025-06-25 18:38:36,26.87,27.19,26.95,27.23,26.87,27.13,27.06
20250625_183936,2025-06-25 18:39:36,26.83,27.17,26.94,27.22,26.86,27.12,27.05
20250625_184848,2025-06-25 18:48:48,26.60,26.65,26.99,27.14,26.71,26.82,26.88
20250625_184948,2025-06-25 18:49:48,26.78,26.79,26.94,27.06,26.74,26.79,26.88
20250625_185047,2025-06-25 18:50:47,26.78,26.78,26.92,27.02,26.77,26.82,26.87
20250625_185148,2025-06-25 18:51:48,26.85,26.81,26.90,26.97,26.78,26.84,26.87
20250625_185247,2025-06-25 18:52:47,26.77,26.69,26.87,26.96,26.75,26.80,26.85
20250625_185347,2025-06-25 18:53:47,26.72,26.68,26.89,26.95,26.72,26.78,26.83
20250625_185447,2025-06-25 18:54:47,26.73,26.63,26.86,26.87,26.69,26.67,26.79
20250625_185547,2025-06-25 18:55:47,26.77,26.68,26.83,26.83,26.70,26.66,26.76
20250625_185647,2025-06-25 18:56:47,26.72,26.71,26.84,26.89,26.70,26.67,26.77
20250625_185747,2025-06-25 18:57:47,26.76,26.72,26.83,26.87,26.72,26.72,26.77
20250625_185847,2025-06-25 18:58:47,26.78,26.71,26.82,26.79,26.74,26.69,26.76
20250625_185947,2025-06-25 18:59:47,26.67,26.62,26.78,26.74,26.71,26.64,26.73
20250625_190047,2025-06-25 19:00:47,26.79,26.65,26.74,26.68,26.70,26.63,26.71
20250625_190147,2025-06-25 19:01:47,26.83,26.68,26.70,26.63,26.68,26.62,26.68
20250625_190247,2025-06-25 19:02:47,26.81,26.74,26.69,26.60,26.68,26.57,26.66
20250625_190347,2025-06-25 19:03:47,26.65,26.62,26.68,26.58,26.64,26.51,26.63
20250625_190447,2025-06-25 19:04:47,26.59,26.62,26.69,26.60,26.60,26.50,26.61
20250625_190547,2025-06-25 19:05:47,26.62,26.61,26.68,26.62,26.58,26.52,26.61
20250625_190647,2025-06-25 19:06:47,26.75,26.65,26.67,26.58,26.57,26.50,26.60
20250625_190747,2025-06-25 19:07:47,26.75,26.69,26.66,26.55,26.60,26.55,26.60
20250625_190847,2025-06-25 19:08:47,26.66,26.62,26.64,24.46,26.60,26.56,26.60
20250625_190947,2025-06-25 19:09:47,26.59,26.58,26.66,26.54,26.59,26.53,26.59
20250625_191047,2025-06-25 19:10:47,26.67,26.61,26.66,26.53,26.63,26.61,26.60
20250625_191147,2025-06-25 19:11:47,26.61,26.56,26.65,26.51,26.63,26.58,26.59
20250625_191247,2025-06-25 19:12:47,26.52,26.47,26.60,26.49,26.60,26.56,26.57
20250625_191347,2025-06-25 19:13:47,26.55,26.52,26.60,26.50,26.60,26.53,26.56
20250625_191447,2025-06-25 19:14:47,26.57,26.56,26.61,26.50,26.58,26.52,26.56
20250625_191547,2025-06-25 19:15:47,26.44,26.38,26.64,26.55,26.50,26.50,26.54
20250625_191647,2025-06-25 19:16:47,26.58,26.43,26.59,26.44,26.55,26.47,26.52
20250625_191747,2025-06-25 19:17:47,26.45,26.37,26.50,26.39,26.61,26.49,26.50
20250625_191847,2025-06-25 19:18:47,26.40,26.36,26.46,26.40,26.56,26.56,26.49
20250625_191947,2025-06-25 19:19:47,26.41,26.43,26.47,26.41,26.56,26.52,26.48
20250625_192047,2025-06-25 19:20:47,26.44,26.44,26.46,26.33,26.50,26.42,26.45
20250625_192147,2025-06-25 19:21:47,26.49,26.51,26.45,26.33,26.53,26.41,26.44
20250625_192247,2025-06-25 19:22:47,26.52,26.51,26.45,26.33,26.52,26.41,26.44
20250625_192347,2025-06-25 19:23:47,26.49,26.46,26.46,26.37,26.53,26.44,26.45
20250625_192447,2025-06-25 19:24:47,26.49,26.46,26.45,26.35,26.54,26.45,26.45
20250625_192547,2025-06-25 19:25:47,26.50,26.45,26.45,26.37,26.52,26.44,26.45
20250625_192647,2025-06-25 19:26:47,26.47,26.38,26.44,26.33,26.48,26.34,26.42
20250625_192747,2025-06-25 19:27:47,26.51,26.38,26.40,26.28,26.44,26.28,26.38
20250625_192847,2025-06-25 19:28:47,26.55,26.41,26.36,26.28,26.44,26.30,26.37
20250625_192947,2025-06-25 19:29:47,26.43,26.38,26.36,26.30,26.44,26.31,26.36
20250625_193047,2025-06-25 19:30:47,26.32,26.26,26.40,26.31,26.37,26.30,26.35
20250625_193147,2025-06-25 19:31:47,26.30,26.25,26.37,26.26,26.32,26.26,26.32
20250625_193247,2025-06-25 19:32:47,26.23,26.16,26.35,26.28,26.25,26.25,26.29
20250625_193347,2025-06-25 19:33:47,26.21,26.16,26.27,26.24,26.27,26.28,26.27
20250625_193447,2025-06-25 19:34:47,26.31,26.22,26.27,26.28,26.29,26.29,26.27
20250625_193547,2025-06-25 19:35:47,26.30,26.25,26.29,26.27,26.30,26.28,26.28
20250625_193647,2025-06-25 19:36:47,26.28,26.29,26.28,26.26,26.31,26.27,26.28
20250625_193747,2025-06-25 19:37:47,26.41,26.33,26.28,26.18,26.33,26.26,26.28
20250625_193847,2025-06-25 19:38:47,26.40,26.36,26.27,26.16,26.33,24.16,26.27
20250625_193947,2025-06-25 19:39:47,26.35,26.23,26.22,26.16,26.35,26.27,26.26
20250625_194047,2025-06-25 19:40:47,26.25,26.23,26.22,26.17,26.34,26.28,26.25
20250625_194147,2025-06-25 19:41:47,26.22,26.15,26.21,26.18,26.25,26.17,26.22
20250625_194247,2025-06-25 19:42:47,26.18,26.14,26.22,26.19,26.21,26.16,26.20
20250625_194347,2025-06-25 19:43:47,26.30,26.28,26.20,26.11,26.21,26.16,26.19
20250625_194447,2025-06-25 19:44:47,26.23,26.24,26.19,26.09,26.22,26.11,26.17
20250625_194547,2025-06-25 19:45:47,26.20,26.20,26.20,26.08,26.19,26.07,26.15
20250625_194647,2025-06-25 19:46:47,26.21,26.22,26.20,26.09,26.19,26.10,26.15
20250625_194747,2025-06-25 19:47:47,26.33,26.26,26.19,26.11,26.22,26.16,26.17
20250625_194847,2025-06-25 19:48:47,26.44,26.32,26.18,26.07,26.26,26.13,26.18
20250625_194947,2025-06-25 19:49:47,26.41,26.31,26.17,26.06,26.26,26.12,26.18
20250625_195047,2025-06-25 19:50:47,26.21,26.17,26.19,26.13,26.23,26.15,26.18
20250625_195147,2025-06-25 19:51:47,26.27,26.17,26.19,26.08,26.23,26.11,26.17
20250625_195247,2025-06-25 19:52:47,26.32,26.21,26.15,26.04,26.25,26.13,26.16
20250625_195347,2025-06-25 19:53:47,26.24,26.10,26.13,26.01,26.28,26.12,26.15
20250625_195447,2025-06-25 19:54:47,26.11,26.07,26.10,25.98,26.20,26.10,26.11
20250625_195547,2025-06-25 19:55:47,26.15,26.14,26.08,25.99,26.16,26.08,26.09
20250625_195647,2025-06-25 19:56:47,26.02,25.99,26.09,26.03,26.07,26.05,26.07
20250625_195747,2025-06-25 19:57:47,26.02,25.99,26.08,26.03,26.02,26.05,26.05
20250625_195847,2025-06-25 19:58:47,26.10,26.06,26.10,26.03,26.02,26.02,26.05
20250625_195947,2025-06-25 19:59:47,26.13,26.12,26.10,26.01,26.05,26.04,26.06
20250625_200047,2025-06-25 20:00:47,26.00,25.98,26.06,25.98,26.10,26.14,26.06
20250625_200147,2025-06-25 20:01:47,25.99,26.06,26.03,25.97,26.11,26.15,26.06
20250625_200247,2025-06-25 20:02:47,26.06,26.09,26.03,25.96,26.12,26.11,26.06
20250625_200347,2025-06-25 20:03:47,26.13,26.12,26.03,25.96,26.15,26.09,26.06
20250625_200447,2025-06-25 20:04:47,26.05,26.07,26.04,26.02,26.11,26.14,26.07
20250625_200547,2025-06-25 20:05:47,26.09,26.13,26.04,25.97,26.11,26.06,26.06
20250625_200647,2025-06-25 20:06:47,26.07,26.08,26.06,25.99,26.07,26.01,26.05
20250625_200747,2025-06-25 20:07:47,26.07,26.02,26.07,25.99,26.03,25.99,26.03
20250625_200847,2025-06-25 20:08:47,26.16,26.06,26.06,25.95,26.07,25.99,26.03
20250625_200947,2025-06-25 20:09:47,26.16,26.13,26.06,25.94,26.08,25.98,26.03
20250625_201047,2025-06-25 20:10:47,26.11,26.14,26.07,25.92,26.09,25.98,26.03
20250625_201147,2025-06-25 20:11:47,26.08,26.13,26.07,25.92,26.08,25.95,26.02
20250625_201247,2025-06-25 20:12:47,26.18,26.15,26.07,25.91,26.09,23.92,26.02
20250625_201347,2025-06-25 20:13:47,26.28,26.13,26.05,25.93,26.10,25.93,26.02
20250625_201447,2025-06-25 20:14:47,26.25,26.17,26.07,23.88,26.12,25.94,26.03
20250625_201547,2025-06-25 20:15:47,26.16,26.17,26.07,25.92,26.11,25.93,26.03
20250625_201647,2025-06-25 20:16:47,26.15,26.07,26.08,25.94,26.12,25.96,26.03
20250625_201747,2025-06-25 20:17:47,26.17,26.10,26.07,25.94,26.10,25.95,26.03
20250625_201847,2025-06-25 20:18:47,26.20,26.11,26.05,25.87,26.09,25.89,26.01
20250625_201947,2025-06-25 20:19:47,26.10,26.03,26.03,25.89,26.07,25.92,25.99
20250625_202047,2025-06-25 20:20:47,26.14,26.05,26.02,25.90,26.11,25.96,26.00
20250625_202147,2025-06-25 20:21:47,26.05,25.98,26.00,25.92,26.11,26.01,26.01
20250625_202247,2025-06-25 20:22:47,26.17,26.05,25.99,25.87,26.10,25.96,26.00
20250625_202347,2025-06-25 20:23:47,26.12,26.06,25.98,25.86,26.13,25.97,26.00
20250625_202447,2025-06-25 20:24:47,26.04,26.07,25.99,25.86,26.10,25.92,25.99
20250625_202547,2025-06-25 20:25:47,26.03,26.06,26.00,25.82,26.05,25.88,25.96
20250625_202647,2025-06-25 20:26:47,26.00,25.97,25.96,25.81,25.98,25.84,25.93
20250625_202747,2025-06-25 20:27:47,25.97,25.95,25.96,25.82,25.94,25.83,25.91
20250625_202847,2025-06-25 20:28:47,25.84,25.84,25.97,25.88,25.89,25.86,25.90
20250625_202947,2025-06-25 20:29:47,25.79,25.83,25.98,25.91,25.85,25.86,25.89
20250625_203047,2025-06-25 20:30:47,25.84,25.88,26.00,25.88,25.84,25.82,25.89
20250625_203147,2025-06-25 20:31:47,25.75,25.78,26.02,25.91,25.81,25.82,25.88
20250625_203247,2025-06-25 20:32:47,25.92,25.89,25.99,25.87,25.86,25.85,25.89
20250625_203347,2025-06-25 20:33:47,25.94,25.91,25.95,25.84,25.92,25.86,25.89
20250625_203447,2025-06-25 20:34:47,25.88,25.92,25.95,25.82,25.89,25.82,25.88
20250625_203547,2025-06-25 20:35:47,25.84,25.89,25.96,25.83,25.86,25.82,25.87
20250625_203647,2025-06-25 20:36:47,25.77,25.82,25.95,25.88,25.81,25.82,25.86
20250625_203747,2025-06-25 20:37:47,25.81,25.81,25.92,25.80,25.85,25.86,25.86
20250625_203847,2025-06-25 20:38:47,25.88,25.86,25.90,25.78,25.88,25.82,25.85
20250625_203947,2025-06-25 20:39:47,25.97,25.92,25.88,25.74,25.88,25.76,25.84
20250625_204047,2025-06-25 20:40:47,25.81,25.81,25.89,21.74,25.83,25.76,25.82
20250625_204147,2025-06-25 20:41:47,25.74,25.78,25.89,25.78,25.78,25.75,25.80
20250625_204247,2025-06-25 20:42:47,25.69,25.73,25.92,25.78,25.76,25.76,25.80
20250625_204347,2025-06-25 20:43:47,25.74,25.74,25.92,25.80,25.75,25.75,25.80
20250625_204447,2025-06-25 20:44:47,25.80,25.75,25.90,25.79,25.83,25.83,25.82
20250625_204547,2025-06-25 20:45:47,25.77,25.78,25.88,25.77,25.82,25.77,25.81
20250625_204647,2025-06-25 20:46:47,25.71,25.72,25.87,25.79,25.79,25.86,25.82
20250625_204747,2025-06-25 20:47:47,25.72,25.77,25.87,25.78,25.75,25.79,25.80
20250625_204847,2025-06-25 20:48:47,25.76,25.82,25.89,25.74,25.77,25.72,25.79
20250625_204947,2025-06-25 20:49:47,25.78,25.85,25.88,25.72,25.78,25.72,25.78
20250625_205047,2025-06-25 20:50:47,25.81,25.85,25.86,25.72,25.80,25.76,25.79
20250625_205147,2025-06-25 20:51:47,25.85,25.85,25.84,25.72,25.88,25.77,25.80
20250625_205247,2025-06-25 20:52:47,25.80,25.86,25.87,25.71,25.86,25.71,25.80
20250625_205347,2025-06-25 20:53:47,25.76,25.83,25.85,25.69,25.83,25.66,25.77
20250625_205447,2025-06-25 20:54:47,25.72,25.77,25.86,25.71,25.78,25.66,25.76
20250625_205547,2025-06-25 20:55:47,25.72,25.79,25.87,25.70,25.75,25.66,25.75
20250625_205647,2025-06-25 20:56:47,25.72,25.80,25.86,25.66,25.76,25.61,25.74
20250625_205747,2025-06-25 20:57:47,25.74,25.80,25.85,25.68,25.75,25.65,25.74
20250625_205847,2025-06-25 20:58:47,25.71,25.66,25.81,25.73,25.71,25.69,25.73
20250625_205947,2025-06-25 20:59:47,25.80,25.73,25.79,25.70,25.74,25.70,25.73
20250625_210047,2025-06-25 21:00:47,25.78,25.75,25.77,25.68,25.76,25.67,25.73
20250625_210147,2025-06-25 21:01:47,25.66,25.68,25.77,25.69,25.70,25.65,25.71
20250625_210247,2025-06-25 21:02:47,25.65,25.71,25.80,25.67,25.67,25.64,25.70
20250625_210347,2025-06-25 21:03:47,25.69,25.76,25.80,25.64,25.67,25.60,25.69
20250625_210447,2025-06-25 21:04:47,25.71,25.79,25.80,25.61,25.68,25.59,25.68
20250625_210547,2025-06-25 21:05:47,25.67,25.74,25.79,25.66,25.68,25.67,25.69
20250625_210647,2025-06-25 21:06:47,25.65,25.73,25.78,25.66,25.67,25.71,25.70
20250625_210747,2025-06-25 21:07:47,25.66,25.73,25.77,25.64,25.68,25.64,25.69
20250625_210847,2025-06-25 21:08:47,25.62,25.67,25.80,25.65,25.67,25.64,25.69
20250625_210947,2025-06-25 21:09:47,25.66,25.74,25.80,25.60,25.67,25.61,25.68
20250625_211047,2025-06-25 21:10:47,25.67,25.73,25.81,25.63,25.68,25.62,25.68
20250625_211147,2025-06-25 21:11:47,25.65,25.73,25.81,25.62,25.68,25.62,25.68
20250625_211247,2025-06-25 21:12:47,25.64,25.71,25.80,25.61,25.69,25.61,25.68
20250625_211347,2025-06-25 21:13:47,25.64,25.71,25.81,25.60,25.67,25.59,25.67
20250625_211447,2025-06-25 21:14:47,25.61,25.66,25.81,25.61,25.68,25.61,25.67
20250625_211547,2025-06-25 21:15:47,25.66,25.71,25.81,25.60,25.71,25.60,25.68
20250625_211647,2025-06-25 21:16:47,25.68,25.73,25.81,25.58,25.70,25.58,25.67
20250625_211747,2025-06-25 21:17:47,25.66,25.70,25.80,25.62,25.71,25.61,25.68
20250625_211847,2025-06-25 21:18:47,25.68,25.74,25.80,25.60,25.70,25.59,25.68
20250625_211947,2025-06-25 21:19:47,25.70,25.75,25.78,25.60,25.72,25.58,25.68
20250625_212047,2025-06-25 21:20:47,25.80,25.76,25.77,25.59,25.75,25.58,25.68
20250625_212147,2025-06-25 21:21:47,25.81,25.77,25.74,25.57,25.76,25.56,25.68
20250625_212247,2025-06-25 21:22:47,25.74,25.72,25.74,25.57,25.78,25.63,25.68
20250625_212347,2025-06-25 21:23:47,25.72,25.71,25.71,25.55,25.79,25.67,25.69
20250625_212447,2025-06-25 21:24:47,25.67,25.65,25.72,25.61,25.74,25.68,25.68
20250625_212547,2025-06-25 21:25:47,25.62,25.64,25.70,25.58,25.68,25.57,25.65
20250625_212647,2025-06-25 21:26:47,25.58,25.55,25.71,25.61,25.62,25.54,25.63
20250625_212747,2025-06-25 21:27:47,25.65,25.60,25.71,25.56,25.62,25.54,25.61
20250625_212847,2025-06-25 21:28:47,25.66,25.65,25.68,25.56,25.61,25.57,25.61
20250625_212947,2025-06-25 21:29:47,25.60,25.62,25.66,25.57,25.61,25.57,25.61
20250625_213047,2025-06-25 21:30:47,25.65,25.63,25.66,25.55,25.62,25.54,25.60
20250625_213147,2025-06-25 21:31:47,25.62,25.62,25.64,25.56,25.62,25.57,25.60
20250625_213247,2025-06-25 21:32:47,25.67,25.60,25.63,25.53,25.62,25.58,25.60
20250625_213347,2025-06-25 21:33:47,25.57,25.58,25.61,25.51,25.60,25.57,25.58
20250625_213447,2025-06-25 21:34:47,25.55,25.58,25.60,25.49,25.63,25.61,25.58
20250625_213547,2025-06-25 21:35:47,25.60,25.60,25.60,25.46,25.64,25.55,25.57
20250625_213647,2025-06-25 21:36:47,25.56,25.63,25.61,25.49,25.59,25.52,25.56
20250625_213747,2025-06-25 21:37:47,25.55,25.62,25.60,25.47,25.57,25.49,25.55
20250625_213847,2025-06-25 21:38:47,25.51,25.59,25.61,25.47,25.56,25.48,25.54
20250625_213947,2025-06-25 21:39:47,25.63,25.62,25.59,25.46,25.56,25.46,25.53
20250625_214047,2025-06-25 21:40:47,25.64,25.63,25.59,25.44,25.55,25.42,25.52
20250625_214147,2025-06-25 21:41:47,25.55,25.47,25.60,25.48,25.50,25.42,25.51
20250625_214247,2025-06-25 21:42:47,25.53,25.52,25.58,25.50,25.53,25.47,25.51
20250625_214347,2025-06-25 21:43:47,25.61,25.57,25.57,25.47,25.54,25.46,25.52
20250625_214447,2025-06-25 21:44:47,25.56,25.56,25.56,25.44,25.55,25.52,25.52
20250625_214547,2025-06-25 21:45:47,25.61,25.54,25.53,25.41,25.61,25.56,25.53
20250625_214647,2025-06-25 21:46:47,25.59,25.55,25.51,25.40,25.63,25.57,25.53
20250625_214747,2025-06-25 21:47:47,25.65,25.55,25.50,25.38,25.64,25.48,25.52
20250625_214847,2025-06-25 21:48:47,25.49,25.46,25.50,25.38,25.63,25.49,25.50
20250625_214947,2025-06-25 21:49:47,25.63,25.54,25.46,25.34,25.59,25.46,25.49
20250625_215047,2025-06-25 21:50:47,25.66,25.56,25.45,25.35,25.60,25.49,25.49
20250625_215147,2025-06-25 21:51:47,25.59,25.54,25.47,25.36,25.55,25.43,25.47
20250625_215247,2025-06-25 21:52:47,25.55,25.47,25.49,25.38,25.51,25.42,25.46
20250625_215347,2025-06-25 21:53:47,25.46,25.48,25.49,25.36,25.48,25.40,25.45
20250625_215447,2025-06-25 21:54:47,25.51,25.55,25.49,25.35,25.47,25.37,25.44
20250625_215547,2025-06-25 21:55:47,25.40,25.43,25.51,25.42,25.42,25.36,25.43
20250625_215647,2025-06-25 21:56:47,25.38,25.42,25.53,25.44,25.42,25.38,25.44
20250625_215747,2025-06-25 21:57:47,25.35,25.41,25.52,25.43,25.40,25.37,25.43
20250625_215847,2025-06-25 21:58:47,25.29,25.34,25.54,25.44,25.36,25.38,25.42
20250625_215947,2025-06-25 21:59:47,25.30,25.37,25.55,25.39,25.35,25.37,25.41
20250625_220047,2025-06-25 22:00:47,25.25,25.32,25.56,25.38,25.32,25.36,25.40
20250625_220147,2025-06-25 22:01:47,25.34,25.41,25.56,25.36,25.35,25.33,25.40
20250625_220247,2025-06-25 22:02:47,25.43,25.46,25.52,25.34,25.40,25.33,25.40
20250625_220347,2025-06-25 22:03:47,25.31,25.35,25.52,25.48,25.35,25.36,25.41
20250625_220447,2025-06-25 22:04:47,25.36,25.40,25.51,25.44,25.36,25.37,25.41
20250625_220547,2025-06-25 22:05:47,25.43,25.45,25.50,25.38,25.42,25.38,25.42
20250625_220647,2025-06-25 22:06:47,25.26,25.29,25.51,25.38,25.35,25.35,25.40
20250625_220747,2025-06-25 22:07:47,25.31,25.39,25.50,25.34,25.37,25.32,25.38
20250625_220847,2025-06-25 22:08:47,25.33,25.40,25.50,25.31,25.36,25.31,25.38
20250625_220947,2025-06-25 22:09:47,25.45,25.43,25.46,25.30,25.45,25.37,25.39
20250625_221047,2025-06-25 22:10:47,25.46,25.47,25.45,25.27,25.47,25.33,25.39
20250625_221147,2025-06-25 22:11:47,25.47,25.47,25.43,25.28,25.46,25.34,25.39
20250625_221247,2025-06-25 22:12:47,25.40,25.43,25.42,25.29,25.46,25.35,25.39
20250625_221347,2025-06-25 22:13:47,25.25,25.32,25.45,25.27,25.40,25.32,25.36
20250625_221447,2025-06-25 22:14:47,25.34,25.37,25.44,25.26,25.37,25.29,25.35
20250625_221547,2025-06-25 22:15:47,25.25,25.29,25.45,25.31,25.32,25.28,25.34
20250625_221647,2025-06-25 22:16:47,25.25,25.28,25.45,25.31,25.29,25.28,25.33
20250625_221747,2025-06-25 22:17:47,25.36,25.37,25.43,25.29,25.33,25.29,25.34
20250625_221847,2025-06-25 22:18:47,25.40,25.37,25.41,25.27,25.37,25.37,25.35
20250625_221947,2025-06-25 22:19:47,25.36,25.35,25.41,25.27,25.36,25.30,25.34
20250625_222047,2025-06-25 22:20:47,25.39,25.39,25.40,25.25,25.39,25.28,25.34
20250625_222147,2025-06-25 22:21:47,25.31,25.38,25.40,25.24,25.38,25.27,25.33
20250625_222247,2025-06-25 22:22:47,25.22,25.26,25.42,25.28,25.30,25.27,25.32
20250625_222347,2025-06-25 22:23:47,25.24,25.23,25.42,25.33,25.27,25.30,25.32
20250625_222447,2025-06-25 22:24:47,25.45,25.35,25.41,25.25,25.36,25.31,25.33
20250625_222547,2025-06-25 22:25:47,25.48,25.41,25.37,25.23,25.39,25.28,25.33
20250625_222647,2025-06-25 22:26:47,25.42,25.42,25.38,25.22,25.39,25.26,25.33
20250625_222747,2025-06-25 22:27:47,25.38,25.41,25.36,25.21,25.38,23.27,25.32
20250625_222847,2025-06-25 22:28:47,25.36,25.41,25.36,25.22,25.36,25.24,25.31
20250625_222947,2025-06-25 22:29:47,25.41,25.41,25.37,25.26,25.38,25.28,25.32
20250625_223047,2025-06-25 22:30:47,25.40,25.45,25.36,25.22,25.40,25.26,25.32
20250625_223147,2025-06-25 22:31:47,25.38,25.45,25.35,25.20,25.40,25.23,25.31
20250625_223247,2025-06-25 22:32:47,25.34,25.42,25.36,25.22,25.38,25.23,25.31
20250625_223347,2025-06-25 22:33:47,25.36,25.38,25.37,25.25,25.36,25.24,25.31
20250625_223447,2025-06-25 22:34:47,25.28,25.33,25.38,25.28,25.33,25.24,25.31
20250625_223547,2025-06-25 22:35:47,25.34,25.37,25.38,25.25,25.34,25.23,25.31
20250625_223647,2025-06-25 22:36:47,25.37,25.30,25.35,25.25,25.40,25.38,25.33
20250625_223747,2025-06-25 22:37:47,25.48,25.36,25.30,25.21,25.48,25.37,25.34
20250625_223847,2025-06-25 22:38:47,25.43,25.41,25.32,25.22,25.47,25.31,25.34
20250625_223947,2025-06-25 22:39:47,25.41,25.39,25.31,25.23,25.48,25.35,25.34
20250625_224047,2025-06-25 22:40:47,25.36,25.30,25.32,25.26,25.51,25.41,25.36
20250625_224147,2025-06-25 22:41:47,25.44,25.35,25.32,25.24,25.49,25.43,25.37
20250625_224247,2025-06-25 22:42:47,25.44,25.42,25.30,25.22,25.49,25.37,25.36
20250625_224347,2025-06-25 22:43:47,25.36,25.41,25.31,25.22,25.44,25.32,25.34
20250625_224447,2025-06-25 22:44:47,25.39,25.34,25.30,25.24,25.45,25.41,25.35
20250625_224547,2025-06-25 22:45:47,25.39,25.33,25.30,25.24,25.47,25.50,25.37
20250625_224647,2025-06-25 22:46:47,25.30,25.31,25.30,25.27,25.46,25.44,25.36
20250625_224747,2025-06-25 22:47:47,25.19,25.25,25.33,25.29,25.37,25.38,25.34
20250625_224847,2025-06-25 22:48:47,25.22,25.30,25.36,25.26,25.33,25.32,25.32
20250625_224947,2025-06-25 22:49:47,25.36,25.38,25.34,25.25,25.37,25.30,25.32
20250625_225047,2025-06-25 22:50:47,25.32,25.38,25.35,25.26,25.37,25.29,25.32
20250625_225147,2025-06-25 22:51:47,25.25,25.34,25.37,25.28,25.33,25.27,25.31
20250625_225247,2025-06-25 22:52:47,25.26,25.33,25.38,25.28,25.29,25.26,25.31
20250625_225347,2025-06-25 22:53:47,25.26,25.28,25.37,25.31,25.26,25.22,25.30
20250625_225447,2025-06-25 22:54:47,25.20,25.24,25.36,25.28,25.22,25.20,25.27
20250625_225547,2025-06-25 22:55:47,25.30,25.25,25.36,25.26,25.26,25.27,25.28
20250625_225647,2025-06-25 22:56:47,25.33,25.33,25.33,25.26,25.33,25.33,25.30
20250625_225747,2025-06-25 22:57:47,25.24,25.29,25.34,25.31,25.30,25.35,25.31
20250625_225847,2025-06-25 22:58:47,25.28,25.37,25.34,25.25,25.31,25.29,25.31
20250625_225947,2025-06-25 22:59:47,25.31,25.37,25.33,25.24,25.35,25.36,25.32
20250625_230047,2025-06-25 23:00:47,25.33,25.36,25.31,25.24,25.41,25.36,25.33
20250625_230147,2025-06-25 23:01:47,25.42,25.38,25.29,25.23,25.43,25.34,25.33
20250625_230247,2025-06-25 23:02:47,25.32,25.36,25.30,25.20,25.40,25.26,25.31
20250625_230347,2025-06-25 23:03:47,25.35,25.39,25.31,25.21,25.37,25.26,25.30
20250625_230447,2025-06-25 23:04:47,25.46,25.41,25.30,25.23,25.39,25.28,25.31
20250625_230547,2025-06-25 23:05:47,25.35,25.40,25.31,25.21,25.40,25.28,25.31
20250625_230647,2025-06-25 23:06:47,25.48,25.42,25.32,25.18,25.41,25.29,25.31
20250625_230747,2025-06-25 23:07:47,25.53,25.43,25.28,25.18,25.48,25.33,25.33
20250625_230847,2025-06-25 23:08:47,25.35,25.36,25.31,25.25,25.40,25.33,25.33
20250625_230947,2025-06-25 23:09:47,25.37,25.37,25.31,25.23,25.42,25.31,25.32
20250625_231047,2025-06-25 23:10:47,25.32,25.39,25.33,25.20,25.38,25.25,25.31
20250625_231147,2025-06-25 23:11:47,25.39,25.38,25.33,25.20,25.36,25.22,25.30
20250625_231247,2025-06-25 23:12:47,25.44,25.41,25.32,25.17,25.36,25.21,25.29
20250625_231347,2025-06-25 23:13:47,25.37,25.42,25.31,25.16,25.36,25.18,25.27
20250625_231447,2025-06-25 23:14:47,25.29,25.35,25.31,25.23,25.33,25.32,25.29
20250625_231547,2025-06-25 23:15:47,25.31,25.37,25.31,25.22,25.35,25.27,25.29
20250625_231647,2025-06-25 23:16:47,25.21,25.29,25.34,25.27,25.30,25.26,25.29
20250625_231747,2025-06-25 23:17:47,25.21,25.30,25.33,25.27,25.26,25.25,25.28
20250625_231847,2025-06-25 23:18:47,25.30,25.35,25.31,25.20,25.29,25.23,25.27
20250625_231947,2025-06-25 23:19:47,25.28,25.34,25.32,25.21,25.28,25.24,25.27
20250625_232047,2025-06-25 23:20:47,25.30,25.28,25.32,25.20,25.29,25.24,25.27
20250625_232147,2025-06-25 23:21:47,25.17,25.21,25.34,25.20,25.23,25.21,25.25
20250625_232247,2025-06-25 23:22:47,25.14,25.22,25.33,25.20,25.20,25.17,25.23
20250625_232347,2025-06-25 23:23:47,25.10,25.17,25.35,23.28,25.14,25.17,25.21
20250625_232447,2025-06-25 23:24:47,25.18,25.27,25.33,25.20,25.18,25.17,25.22
20250625_232547,2025-06-25 23:25:47,25.23,25.32,25.33,25.18,25.20,25.16,25.22
20250625_232647,2025-06-25 23:26:47,25.39,25.36,25.31,25.17,25.26,25.16,25.23
20250625_232747,2025-06-25 23:27:47,25.36,25.38,25.31,25.15,25.28,25.17,25.24
20250625_232847,2025-06-25 23:28:47,25.33,25.32,25.30,25.17,25.31,25.26,25.26
20250625_232947,2025-06-25 23:29:47,25.17,25.20,25.31,25.26,25.23,25.25,25.26
20250625_233047,2025-06-25 23:30:47,25.13,25.21,25.33,25.22,25.20,25.23,25.24
20250625_233147,2025-06-25 23:31:47,25.16,25.25,25.34,23.23,25.21,23.21,25.24
20250625_233247,2025-06-25 23:32:47,25.23,25.31,25.34,25.16,25.22,25.19,25.24
20250625_233347,2025-06-25 23:33:47,25.22,25.26,25.34,25.18,25.21,25.16,25.23
20250625_233447,2025-06-25 23:34:47,25.28,25.30,25.33,25.15,25.22,25.13,25.22
20250625_233547,2025-06-25 23:35:47,25.21,25.29,25.33,25.15,25.20,25.13,25.21
20250625_233647,2025-06-25 23:36:47,25.22,25.32,25.33,25.14,25.23,25.11,25.21
20250625_233747,2025-06-25 23:37:47,25.20,25.30,25.34,25.13,25.21,25.11,25.21
20250625_233847,2025-06-25 23:38:47,25.18,25.27,25.33,25.15,25.23,25.13,25.21
20250625_233947,2025-06-25 23:39:47,25.22,25.32,25.33,25.14,25.23,25.12,25.21
20250625_234047,2025-06-25 23:40:47,25.22,25.32,25.33,25.15,25.24,25.12,25.21
20250625_234147,2025-06-25 23:41:47,25.25,25.29,25.29,25.16,25.33,25.29,25.25
20250625_234247,2025-06-25 23:42:47,25.24,25.30,25.30,25.16,25.35,25.21,25.25
20250625_234347,2025-06-25 23:43:47,25.20,25.25,25.28,25.15,25.31,25.24,25.25
20250625_234447,2025-06-25 23:44:47,25.37,25.26,25.24,25.11,25.41,25.33,25.27
20250625_234547,2025-06-25 23:45:47,25.44,25.34,25.22,25.09,25.39,25.23,25.26
20250625_234647,2025-06-25 23:46:47,25.29,25.32,25.24,25.12,25.35,25.20,25.24
20250625_234747,2025-06-25 23:47:47,25.30,25.34,25.24,25.08,25.32,25.16,25.22
20250625_234847,2025-06-25 23:48:47,25.22,25.29,25.24,25.11,25.28,25.16,25.21
20250625_234947,2025-06-25 23:49:47,25.13,25.20,25.26,25.18,25.23,25.16,25.21
20250625_235047,2025-06-25 23:50:47,25.14,25.22,25.24,25.14,25.20,25.13,25.19
20250625_235147,2025-06-25 23:51:47,25.16,25.23,25.24,25.12,25.18,25.11,25.17
20250625_235247,2025-06-25 23:52:47,25.31,25.30,25.24,25.12,25.21,25.11,25.18
20250625_235347,2025-06-25 23:53:47,25.27,25.32,25.23,25.11,25.22,25.11,25.18
20250625_235447,2025-06-25 23:54:47,25.27,25.32,25.24,25.11,25.23,25.12,25.19
20250625_235547,2025-06-25 23:55:47,25.24,25.29,25.23,25.13,25.25,25.17,25.20
20250625_235647,2025-06-25 23:56:47,25.22,25.29,25.27,25.14,25.25,25.16,25.21
20250625_235747,2025-06-25 23:57:47,25.28,25.28,25.22,25.13,25.31,25.24,25.22
20250625_235847,2025-06-25 23:58:47,25.31,25.25,25.21,25.14,25.35,25.31,25.24
20250625_235947,2025-06-25 23:59:47,25.33,25.32,25.21,25.11,25.33,25.22,25.23
20250626_000047,2025-06-26 00:00:47,25.36,25.34,25.21,25.07,25.34,25.16,25.22
20250626_000147,2025-06-26 00:01:47,25.23,25.25,25.21,25.10,25.29,25.12,25.20
20250626_000247,2025-06-26 00:02:47,25.22,25.26,25.23,25.12,25.25,25.12,25.19
20250626_000347,2025-06-26 00:03:47,25.08,25.12,25.23,25.14,25.16,25.11,25.17
20250626_000447,2025-06-26 00:04:47,25.07,25.12,25.26,25.15,25.12,25.08,25.15
20250626_000547,2025-06-26 00:05:47,25.07,25.15,25.26,25.16,25.11,25.03,25.14
20250626_000647,2025-06-26 00:06:47,25.18,25.24,25.26,25.11,25.13,25.05,25.15
20250626_000747,2025-06-26 00:07:47,25.21,25.29,25.23,25.07,25.16,25.07,25.15
20250626_000847,2025-06-26 00:08:47,25.28,25.27,25.22,25.10,25.20,25.16,25.17
20250626_000947,2025-06-26 00:09:47,25.31,25.25,25.21,25.11,25.24,25.17,25.18
20250626_001047,2025-06-26 00:10:47,25.30,25.28,25.20,25.09,25.26,25.14,25.18
20250626_001147,2025-06-26 00:11:47,25.30,25.28,25.19,25.06,25.24,25.11,25.17
20250626_001247,2025-06-26 00:12:47,25.30,25.23,25.18,25.07,25.27,25.15,25.18
20250626_001347,2025-06-26 00:13:47,25.26,25.22,25.16,25.07,25.28,25.19,25.18
20250626_001447,2025-06-26 00:14:47,25.26,25.28,25.17,25.04,25.26,25.14,25.17
20250626_001547,2025-06-26 00:15:47,25.27,25.29,25.19,25.06,25.27,25.12,25.17
20250626_001647,2025-06-26 00:16:47,25.29,25.24,25.19,25.07,25.26,25.14,25.17
20250626_001747,2025-06-26 00:17:47,25.15,25.15,25.19,25.15,25.21,25.16,25.17
20250626_001847,2025-06-26 00:18:47,25.25,25.20,25.21,25.13,25.20,25.18,25.18
20250626_001947,2025-06-26 00:19:47,25.25,25.22,25.20,25.12,25.27,25.26,25.20
20250626_002047,2025-06-26 00:20:47,25.40,25.26,25.17,25.10,25.31,25.26,25.22
20250626_002147,2025-06-26 00:21:47,25.32,25.23,25.13,25.09,25.32,25.31,25.22
20250626_002247,2025-06-26 00:22:47,25.23,25.29,25.14,25.10,25.31,25.26,25.21
20250626_002347,2025-06-26 00:23:47,25.27,25.29,25.17,25.10,25.29,25.21,25.21
20250626_002447,2025-06-26 00:24:47,25.20,25.28,25.19,25.10,25.24,25.17,25.19
20250626_002547,2025-06-26 00:25:47,25.34,25.29,25.19,25.08,25.28,25.19,25.19
20250626_002647,2025-06-26 00:26:47,25.37,25.31,25.18,25.10,25.31,25.24,25.21
20250626_002747,2025-06-26 00:27:47,25.26,25.26,25.17,25.11,25.32,25.25,25.21
20250626_002847,2025-06-26 00:28:47,25.21,25.23,25.20,25.12,25.26,25.20,25.20
20250626_002947,2025-06-26 00:29:47,25.35,25.24,25.19,25.13,25.32,25.36,25.24
20250626_003047,2025-06-26 00:30:47,25.55,25.36,25.15,23.16,25.38,25.34,25.26
20250626_003147,2025-06-26 00:31:47,25.35,25.33,25.17,25.10,25.36,25.26,25.24
20250626_003247,2025-06-26 00:32:47,25.16,25.21,25.21,25.15,25.24,25.21,25.22
20250626_003347,2025-06-26 00:33:47,25.20,25.24,25.21,25.15,25.25,25.22,25.21
20250626_003447,2025-06-26 00:34:47,25.21,25.20,25.19,25.17,25.31,25.39,25.24
20250626_003547,2025-06-26 00:35:47,25.22,25.26,25.20,25.21,25.29,25.33,25.25
20250626_003647,2025-06-26 00:36:47,25.24,25.22,25.23,25.20,25.27,25.25,25.24
20250626_003747,2025-06-26 00:37:47,25.19,25.16,25.24,25.22,25.21,25.23,25.23
20250626_003847,2025-06-26 00:38:47,25.19,25.25,25.25,25.21,25.19,25.18,25.21
20250626_003947,2025-06-26 00:39:47,25.21,25.29,25.24,25.20,25.19,25.17,25.21
20250626_004047,2025-06-26 00:40:47,25.29,25.32,25.24,25.20,25.22,25.18,25.22
20250626_004147,2025-06-26 00:41:47,25.33,25.35,25.24,25.20,25.24,25.20,25.23
20250626_004247,2025-06-26 00:42:47,25.35,25.32,25.24,25.19,25.23,25.20,25.23
20250626_004347,2025-06-26 00:43:47,25.35,25.30,25.24,25.19,25.25,25.19,25.23
20250626_004447,2025-06-26 00:44:47,25.32,25.29,25.26,25.21,25.28,25.25,25.25
20250626_004547,2025-06-26 00:45:47,25.24,25.28,25.27,25.21,25.27,25.28,25.25
20250626_004647,2025-06-26 00:46:47,25.24,25.29,25.26,25.21,25.26,25.25,25.25
20250626_004747,2025-06-26 00:47:47,25.32,25.29,25.25,25.21,25.32,25.35,25.27
20250626_004847,2025-06-26 00:48:47,25.34,25.29,25.25,25.22,25.36,25.34,25.29
20250626_004947,2025-06-26 00:49:47,25.31,25.28,25.26,25.26,25.36,25.36,25.30
20250626_005047,2025-06-26 00:50:47,25.38,25.25,25.25,25.22,25.39,25.36,25.30
20250626_005147,2025-06-26 00:51:47,25.15,25.17,25.23,25.24,25.32,25.32,25.28
20250626_005247,2025-06-26 00:52:47,25.05,25.13,25.26,25.29,25.20,25.24,25.25
20250626_005347,2025-06-26 00:53:47,25.08,25.16,25.26,25.27,25.15,25.21,25.22
20250626_005447,2025-06-26 00:54:47,25.10,25.19,25.24,25.27,25.14,25.17,25.21
20250626_005547,2025-06-26 00:55:47,25.16,25.23,25.25,25.24,25.17,25.25,25.22
20250626_005647,2025-06-26 00:56:47,25.22,25.21,25.22,25.24,25.24,25.36,25.24
20250626_005747,2025-06-26 00:57:47,25.34,25.29,25.20,25.25,25.30,25.41,25.27
20250626_005847,2025-06-26 00:58:47,25.29,25.28,25.21,25.20,25.32,25.40,25.28
20250626_005947,2025-06-26 00:59:47,25.31,25.29,25.20,23.25,25.32,25.36,25.28
20250626_010047,2025-06-26 01:00:47,25.30,25.26,25.19,25.19,25.33,25.42,25.28
20250626_010147,2025-06-26 01:01:47,25.25,25.28,25.20,25.24,25.32,25.39,25.28
20250626_010247,2025-06-26 01:02:47,25.29,25.35,25.22,25.21,25.29,25.29,25.27
20250626_010347,2025-06-26 01:03:47,25.21,25.30,25.23,25.22,25.25,25.25,25.25
20250626_010447,2025-06-26 01:04:47,25.35,25.30,25.25,25.20,25.27,25.25,25.25
20250626_010547,2025-06-26 01:05:47,25.28,25.25,25.23,25.20,25.30,25.34,25.26
20250626_010647,2025-06-26 01:06:47,25.15,25.22,25.22,25.20,25.31,25.34,25.26
20250626_010747,2025-06-26 01:07:47,25.18,25.28,25.23,25.21,25.27,25.27,25.25
20250626_010847,2025-06-26 01:08:47,25.22,25.33,25.26,25.19,25.26,25.22,25.24
20250626_010947,2025-06-26 01:09:47,25.21,25.29,25.27,25.22,25.24,25.21,25.24
20250626_011047,2025-06-26 01:10:47,25.23,25.29,25.27,25.22,25.25,25.23,25.24
20250626_011147,2025-06-26 01:11:47,25.26,25.28,25.28,25.20,25.24,25.19,25.24
20250626_011247,2025-06-26 01:12:47,25.22,25.29,25.28,25.21,25.24,25.20,25.24
20250626_011347,2025-06-26 01:13:47,25.12,25.20,25.31,25.25,25.17,25.19,25.23
20250626_011447,2025-06-26 01:14:47,25.15,25.18,25.32,25.22,25.16,25.13,25.21
20250626_011547,2025-06-26 01:15:47,25.22,25.27,25.31,25.22,25.18,25.14,25.21
20250626_011647,2025-06-26 01:16:47,25.29,25.30,25.28,25.20,25.29,25.29,25.25
20250626_011747,2025-06-26 01:17:47,25.28,25.28,25.25,25.19,25.33,25.29,25.26
20250626_011847,2025-06-26 01:18:47,25.23,25.28,25.24,25.17,25.34,25.31,25.26
20250626_011947,2025-06-26 01:19:47,25.30,25.33,25.24,25.16,25.34,25.29,25.26
20250626_012047,2025-06-26 01:20:47,25.31,25.35,25.25,25.17,25.35,25.26,25.27
20250626_012147,2025-06-26 01:21:47,25.33,25.33,25.26,25.17,25.35,25.26,25.27
20250626_012247,2025-06-26 01:22:47,25.33,25.33,25.24,25.17,25.32,25.24,25.26
20250626_012347,2025-06-26 01:23:47,25.15,25.19,25.27,25.24,25.22,25.21,25.24
20250626_012447,2025-06-26 01:24:47,25.18,25.20,25.29,25.25,25.20,25.19,25.23
20250626_012547,2025-06-26 01:25:47,25.19,25.27,25.29,25.20,25.19,25.19,25.22
20250626_012647,2025-06-26 01:26:47,25.20,25.31,25.29,25.21,25.21,25.19,25.23
20250626_012747,2025-06-26 01:27:47,25.24,25.31,25.29,25.19,25.22,25.21,25.23
20250626_012847,2025-06-26 01:28:47,25.24,25.25,25.26,25.16,25.22,25.16,25.22
20250626_012947,2025-06-26 01:29:47,25.20,25.25,25.27,25.18,25.18,25.15,25.21
20250626_013047,2025-06-26 01:30:47,25.40,25.32,25.27,25.17,25.20,25.15,25.21
20250626_013147,2025-06-26 01:31:47,25.33,25.30,25.26,25.14,25.26,25.21,25.22
20250626_013247,2025-06-26 01:32:47,25.34,25.30,25.22,25.16,25.31,25.27,25.24
20250626_013347,2025-06-26 01:33:47,25.27,25.29,25.23,25.15,25.30,25.29,25.24
20250626_013447,2025-06-26 01:34:47,25.28,25.34,25.24,25.14,25.28,25.24,25.24
20250626_013547,2025-06-26 01:35:47,25.31,25.36,25.25,25.14,25.29,25.23,25.24
20250626_013647,2025-06-26 01:36:47,25.24,25.34,25.25,25.13,25.25,25.16,25.22
20250626_013747,2025-06-26 01:37:47,25.08,25.13,25.28,25.22,25.15,25.16,25.20
20250626_013847,2025-06-26 01:38:47,25.03,25.09,25.29,25.24,25.08,25.17,25.19
20250626_013947,2025-06-26 01:39:47,25.05,25.15,25.31,25.22,25.09,23.19,25.19
20250626_014047,2025-06-26 01:40:47,25.14,25.26,25.31,25.18,25.12,25.15,25.19
20250626_014147,2025-06-26 01:41:47,25.28,25.32,25.29,25.14,25.19,25.14,25.20
20250626_014247,2025-06-26 01:42:47,25.35,25.31,25.27,25.11,25.24,25.13,25.20
20250626_014347,2025-06-26 01:43:47,25.21,25.29,25.28,25.13,25.19,25.10,25.19
20250626_014447,2025-06-26 01:44:47,25.21,25.27,25.28,25.13,25.18,25.13,25.19
20250626_014547,2025-06-26 01:45:47,25.12,25.18,25.29,25.18,25.14,25.13,25.19
20250626_014647,2025-06-26 01:46:47,25.16,25.19,25.29,25.20,25.13,25.14,25.19
20250626_014747,2025-06-26 01:47:47,25.15,25.25,25.31,23.23,25.14,25.12,25.19
20250626_014847,2025-06-26 01:48:47,25.21,25.28,25.31,25.17,25.14,25.12,25.19
20250626_014947,2025-06-26 01:49:47,25.31,25.31,25.30,25.15,25.20,25.19,25.21
20250626_015047,2025-06-26 01:50:47,25.27,25.32,25.28,25.13,25.23,25.17,25.21
20250626_015147,2025-06-26 01:51:47,25.17,25.27,25.30,25.13,25.18,25.14,25.20
20250626_015247,2025-06-26 01:52:47,25.23,25.31,25.29,25.13,25.20,25.14,25.20
20250626_015347,2025-06-26 01:53:47,25.21,25.32,25.29,25.14,25.19,25.14,25.20
20250626_015447,2025-06-26 01:54:47,25.34,25.28,25.27,25.12,25.28,25.17,25.21
20250626_015547,2025-06-26 01:55:47,25.31,25.26,25.21,25.10,25.33,25.24,25.22
20250626_015647,2025-06-26 01:56:47,25.30,25.29,25.22,25.15,25.29,25.19,25.22
20250626_015747,2025-06-26 01:57:47,25.18,25.25,25.25,25.16,25.25,25.16,25.21
20250626_015847,2025-06-26 01:58:47,25.16,25.22,25.26,25.16,25.21,25.19,25.21
20250626_015947,2025-06-26 01:59:47,25.33,25.29,25.25,25.16,25.24,25.23,25.22
20250626_020047,2025-06-26 02:00:47,25.35,25.29,25.23,25.17,25.32,25.31,25.25
20250626_020147,2025-06-26 02:01:47,25.23,25.29,25.24,25.17,25.29,25.26,25.24
20250626_020247,2025-06-26 02:02:47,25.26,25.30,25.25,25.22,25.26,25.26,25.25
20250626_020347,2025-06-26 02:03:47,25.15,25.21,25.24,25.24,25.23,25.38,25.26
20250626_020447,2025-06-26 02:04:47,25.17,25.17,25.21,25.19,25.27,25.40,25.26
20250626_020547,2025-06-26 02:05:47,25.17,25.22,25.23,25.18,25.27,25.30,25.24
20250626_020647,2025-06-26 02:06:47,25.11,25.21,25.25,25.17,25.20,25.20,25.22
20250626_020747,2025-06-26 02:07:47,25.10,25.19,25.26,25.19,25.16,25.17,25.20
20250626_020847,2025-06-26 02:08:47,25.11,25.22,25.23,25.17,25.17,25.19,25.19
20250626_020947,2025-06-26 02:09:47,25.12,25.23,25.23,25.14,25.16,25.13,25.17
20250626_021047,2025-06-26 02:10:47,25.16,25.27,25.24,25.11,25.15,25.11,25.17
20250626_021147,2025-06-26 02:11:47,25.13,25.21,25.23,25.11,25.14,25.12,25.16
20250626_021247,2025-06-26 02:12:47,25.12,25.20,25.23,25.16,25.17,25.22,25.18
20250626_021347,2025-06-26 02:13:47,25.12,25.23,25.23,25.17,25.18,25.20,25.19
20250626_021447,2025-06-26 02:14:47,25.13,25.25,25.24,25.17,25.17,25.18,25.19
20250626_021547,2025-06-26 02:15:47,25.28,25.27,25.22,25.15,25.20,25.19,25.20
20250626_021647,2025-06-26 02:16:47,25.20,25.25,25.23,23.20,25.23,25.18,25.20
20250626_021747,2025-06-26 02:17:47,25.24,25.24,25.23,25.14,25.24,25.17,25.20
20250626_021847,2025-06-26 02:18:47,25.27,25.19,25.15,25.11,25.31,25.23,25.20
20250626_021947,2025-06-26 02:19:47,25.31,25.28,25.15,25.11,25.31,25.24,25.21
20250626_022047,2025-06-26 02:20:47,25.34,25.31,25.16,25.13,25.32,25.28,25.22
20250626_022147,2025-06-26 02:21:47,25.25,25.26,25.16,25.11,25.30,25.24,25.21
20250626_022247,2025-06-26 02:22:47,25.19,25.24,25.19,25.13,25.25,25.20,25.20
20250626_022347,2025-06-26 02:23:47,25.22,25.29,25.19,25.14,25.23,25.18,25.19
20250626_022447,2025-06-26 02:24:47,25.16,25.27,25.23,25.13,25.21,25.15,25.19
20250626_022547,2025-06-26 02:25:47,25.22,25.28,25.20,25.13,25.26,25.26,25.20
20250626_022647,2025-06-26 02:26:47,25.22,25.23,25.19,25.13,25.30,25.32,25.22
20250626_022747,2025-06-26 02:27:47,25.30,25.30,25.16,25.09,25.31,25.25,25.22
20250626_022847,2025-06-26 02:28:47,25.35,25.32,25.16,25.08,25.31,25.19,25.21
20250626_022947,2025-06-26 02:29:47,25.25,25.19,25.15,25.10,25.31,25.27,25.21
20250626_023047,2025-06-26 02:30:47,25.11,25.13,25.17,25.18,25.21,25.21,25.19
20250626_023147,2025-06-26 02:31:47,25.13,25.13,25.13,25.11,25.21,25.28,25.18
20250626_023247,2025-06-26 02:32:47,25.20,25.18,25.11,25.09,25.28,25.33,25.19
20250626_023347,2025-06-26 02:33:47,25.22,25.24,25.10,25.07,25.30,25.28,25.19
20250626_023447,2025-06-26 02:34:47,25.20,25.28,25.12,25.06,25.26,25.20,25.18
20250626_023547,2025-06-26 02:35:47,25.16,25.23,25.12,25.11,25.22,25.20,25.17
20250626_023647,2025-06-26 02:36:47,25.08,25.18,25.17,25.22,25.16,25.20,25.18
20250626_023747,2025-06-26 02:37:47,25.11,25.24,25.18,25.14,25.15,25.16,25.16
20250626_023847,2025-06-26 02:38:47,25.15,25.27,25.20,25.11,25.17,25.14,25.16
20250626_023947,2025-06-26 02:39:47,25.21,25.29,25.17,25.06,25.18,25.12,25.15
20250626_024047,2025-06-26 02:40:47,25.04,25.14,25.19,25.11,25.11,25.11,25.13
20250626_024147,2025-06-26 02:41:47,25.04,25.16,25.22,25.09,25.09,25.09,25.13
20250626_024247,2025-06-26 02:42:47,25.07,25.20,25.22,25.08,25.10,25.06,25.12
20250626_024347,2025-06-26 02:43:47,25.04,25.13,25.24,25.12,25.09,25.08,25.12
20250626_024447,2025-06-26 02:44:47,25.08,25.19,25.25,25.11,25.11,25.07,25.13
20250626_024547,2025-06-26 02:45:47,25.00,25.08,25.26,25.15,25.06,25.09,25.13
20250626_024647,2025-06-26 02:46:47,25.04,25.12,25.27,25.19,25.07,25.12,25.14
20250626_024747,2025-06-26 02:47:47,25.19,25.22,25.24,25.12,25.11,25.09,25.15
20250626_024847,2025-06-26 02:48:47,25.14,25.20,25.21,25.12,25.15,25.17,25.16
20250626_024947,2025-06-26 02:49:47,25.13,25.24,25.20,25.09,25.14,25.12,25.15
20250626_025047,2025-06-26 02:50:47,25.13,25.24,25.20,25.07,25.14,25.09,25.14
20250626_025147,2025-06-26 02:51:47,25.15,25.20,25.18,25.07,25.23,25.25,25.17
20250626_025247,2025-06-26 02:52:47,25.17,25.21,25.15,25.05,25.26,25.27,25.18
20250626_025347,2025-06-26 02:53:47,25.15,25.21,25.16,25.06,25.26,25.17,25.17
20250626_025447,2025-06-26 02:54:47,25.06,25.15,25.17,25.16,25.16,25.16,25.16
20250626_025547,2025-06-26 02:55:47,25.07,25.18,25.17,25.13,25.16,25.14,25.15
20250626_025647,2025-06-26 02:56:47,25.10,25.21,25.18,25.07,25.13,25.08,25.13
20250626_025747,2025-06-26 02:57:47,25.05,25.16,25.19,25.08,25.11,25.07,25.12
20250626_025847,2025-06-26 02:58:47,24.92,25.00,25.21,25.10,25.03,25.06,25.10
20250626_025947,2025-06-26 02:59:47,24.98,25.06,25.21,25.09,25.04,25.12,25.10
20250626_030047,2025-06-26 03:00:47,25.01,25.09,25.19,25.10,25.06,25.12,25.11
20250626_030147,2025-06-26 03:01:47,25.04,25.16,25.20,25.06,25.07,25.08,25.10
20250626_030247,2025-06-26 03:02:47,25.10,25.21,25.19,25.03,25.11,25.05,25.10
20250626_030347,2025-06-26 03:03:47,25.12,25.22,25.18,25.01,25.12,25.02,25.10
20250626_030447,2025-06-26 03:04:47,25.12,25.23,25.17,25.00,25.13,25.00,25.09
20250626_030547,2025-06-26 03:05:47,25.10,25.22,25.18,25.00,25.13,25.00,25.09
20250626_030647,2025-06-26 03:06:47,25.05,25.15,25.18,25.03,25.11,25.02,25.09
20250626_030747,2025-06-26 03:07:47,25.09,25.14,25.17,25.05,25.12,25.07,25.10
20250626_030847,2025-06-26 03:08:47,25.12,25.15,25.12,25.02,25.22,25.15,25.12
20250626_030947,2025-06-26 03:09:47,25.06,25.13,25.11,25.01,25.24,25.17,25.12
20250626_031047,2025-06-26 03:10:47,25.06,25.15,25.13,25.01,25.20,25.10,25.12
20250626_031147,2025-06-26 03:11:47,25.09,25.19,25.13,24.98,25.19,25.04,25.10
20250626_031247,2025-06-26 03:12:47,25.10,25.20,25.14,24.97,25.17,25.01,25.09
20250626_031347,2025-06-26 03:13:47,25.07,25.17,25.15,24.98,25.16,25.01,25.08
20250626_031447,2025-06-26 03:14:47,25.10,25.18,25.14,24.98,25.15,25.00,25.08
20250626_031547,2025-06-26 03:15:47,25.06,25.14,25.15,25.01,25.14,25.01,25.08
20250626_031647,2025-06-26 03:16:47,25.11,25.19,25.15,24.98,25.14,24.99,25.08
20250626_031747,2025-06-26 03:17:47,25.10,25.19,25.15,24.98,25.13,24.99,25.07
20250626_031847,2025-06-26 03:18:47,25.18,25.20,25.13,24.98,25.15,24.98,25.07
20250626_031947,2025-06-26 03:19:47,25.26,25.23,25.11,24.96,25.15,24.98,25.07
20250626_032047,2025-06-26 03:20:47,25.19,25.20,25.12,24.99,25.18,25.03,25.08
20250626_032147,2025-06-26 03:21:47,25.07,25.12,25.09,25.07,25.14,25.10,25.09
20250626_032247,2025-06-26 03:22:47,24.99,25.07,25.12,25.03,25.09,25.05,25.08
20250626_032347,2025-06-26 03:23:47,25.01,25.10,25.12,25.01,25.09,25.02,25.07
20250626_032447,2025-06-26 03:24:47,25.11,25.16,25.12,24.99,25.09,24.99,25.06
20250626_032547,2025-06-26 03:25:47,25.10,25.18,25.12,24.97,25.08,24.96,25.05
20250626_032647,2025-06-26 03:26:47,25.09,25.17,25.11,24.95,25.06,24.95,25.04
20250626_032747,2025-06-26 03:27:47,24.96,25.04,25.13,25.00,25.04,24.97,25.03
20250626_032847,2025-06-26 03:28:47,25.04,25.10,25.13,24.97,25.03,24.97,25.03
20250626_032947,2025-06-26 03:29:47,25.17,25.16,25.11,24.95,25.07,24.96,25.04
20250626_033047,2025-06-26 03:30:47,25.02,25.07,25.11,24.99,25.04,24.98,25.03
20250626_033147,2025-06-26 03:31:47,24.96,25.04,25.12,25.01,25.01,24.99,25.03
20250626_033247,2025-06-26 03:32:47,25.00,25.11,25.11,24.96,25.02,24.96,25.02
20250626_033347,2025-06-26 03:33:47,25.03,25.13,25.10,24.93,25.04,24.94,25.02
20250626_033447,2025-06-26 03:34:47,24.96,25.05,25.09,24.94,25.02,24.95,25.01
20250626_033547,2025-06-26 03:35:47,24.97,25.06,25.08,24.97,25.02,24.99,25.01
20250626_033647,2025-06-26 03:36:47,25.02,25.11,25.09,24.95,25.03,24.97,25.02
20250626_033747,2025-06-26 03:37:47,25.05,25.12,25.08,24.92,25.05,24.93,25.01
20250626_033847,2025-06-26 03:38:47,24.92,25.01,25.08,24.94,25.00,24.93,24.99
20250626_033947,2025-06-26 03:39:47,25.05,25.10,25.08,24.92,25.02,24.91,24.99
20250626_034047,2025-06-26 03:40:47,25.03,25.08,25.06,24.94,25.03,24.92,24.99
20250626_034147,2025-06-26 03:41:47,25.00,25.05,25.06,24.97,25.09,25.10,25.03
20250626_034247,2025-06-26 03:42:47,25.05,25.10,25.03,24.93,25.12,25.02,25.03
20250626_034347,2025-06-26 03:43:47,25.09,25.13,25.03,24.89,25.11,24.94,25.01
20250626_034447,2025-06-26 03:44:47,25.08,25.13,25.02,24.89,25.10,24.94,25.00
20250626_034547,2025-06-26 03:45:47,24.93,24.97,25.04,24.95,25.01,24.91,24.99
20250626_034647,2025-06-26 03:46:47,24.91,24.95,25.05,24.99,24.97,24.94,24.98
20250626_034747,2025-06-26 03:47:47,24.90,24.87,25.02,24.93,24.95,24.91,24.96
20250626_034847,2025-06-26 03:48:47,24.78,24.83,25.00,25.00,24.88,24.99,24.95
20250626_034947,2025-06-26 03:49:47,24.92,24.87,24.97,24.96,24.90,24.99,24.95
20250626_035047,2025-06-26 03:50:47,24.89,24.92,24.95,24.91,24.93,24.94,24.94
20250626_035147,2025-06-26 03:51:47,24.89,24.91,24.94,24.89,24.94,24.95,24.93
20250626_035247,2025-06-26 03:52:47,24.96,24.98,24.92,24.89,24.98,24.98,24.94
20250626_035347,2025-06-26 03:53:47,24.97,25.00,24.91,22.95,24.98,25.03,24.95
20250626_035447,2025-06-26 03:54:47,24.99,24.96,24.88,24.87,25.03,25.11,24.96
20250626_035547,2025-06-26 03:55:47,24.95,24.96,24.87,22.94,25.01,25.07,24.96
20250626_035647,2025-06-26 03:56:47,24.89,24.96,24.91,24.89,24.98,25.03,24.95
20250626_035747,2025-06-26 03:57:47,24.85,24.95,24.92,24.87,24.95,24.96,24.93
20250626_035847,2025-06-26 03:58:47,24.94,24.96,24.92,24.90,24.95,24.95,24.93
20250626_035947,2025-06-26 03:59:47,24.91,24.99,24.94,24.91,24.94,24.95,24.93
20250626_040047,2025-06-26 04:00:47,24.96,25.03,24.94,24.88,24.93,24.92,24.93
20250626_040147,2025-06-26 04:01:47,24.98,25.01,24.92,24.89,24.97,24.99,24.94
20250626_040247,2025-06-26 04:02:47,24.96,25.03,24.94,22.96,24.96,24.95,24.94
20250626_040347,2025-06-26 04:03:47,24.95,25.03,24.94,24.89,24.96,24.92,24.94
20250626_040447,2025-06-26 04:04:47,24.97,25.07,24.96,24.86,24.96,24.89,24.93
20250626_040547,2025-06-26 04:05:47,25.17,25.03,24.93,24.84,25.01,24.98,24.95
20250626_040647,2025-06-26 04:06:47,25.11,25.05,24.91,24.85,25.08,25.04,24.97
20250626_040747,2025-06-26 04:07:47,24.95,25.02,24.94,24.88,25.01,24.96,24.96
20250626_040847,2025-06-26 04:08:47,25.03,25.01,24.94,24.88,25.01,24.97,24.96
20250626_040947,2025-06-26 04:09:47,24.99,25.02,24.93,22.95,25.02,24.95,24.95
20250626_041047,2025-06-26 04:10:47,24.94,24.96,24.91,24.85,25.01,24.98,24.95
20250626_041147,2025-06-26 04:11:47,24.96,24.93,24.86,24.84,25.09,25.11,24.96
20250626_041247,2025-06-26 04:12:47,24.83,24.89,24.85,24.87,25.05,25.14,24.96
20250626_041347,2025-06-26 04:13:47,24.94,25.00,24.90,24.87,24.99,25.06,24.96
20250626_041447,2025-06-26 04:14:47,24.92,24.93,24.88,24.85,25.00,25.11,24.96
20250626_041547,2025-06-26 04:15:47,25.03,24.98,24.87,24.88,25.04,25.11,24.97
20250626_041647,2025-06-26 04:16:47,25.02,24.96,24.87,24.92,25.07,25.11,24.98
20250626_041747,2025-06-26 04:17:47,24.96,25.01,24.91,24.96,25.06,25.14,25.00
20250626_041847,2025-06-26 04:18:47,24.94,25.01,24.92,24.95,25.04,25.07,25.00
20250626_041947,2025-06-26 04:19:47,24.99,24.97,24.90,24.96,25.05,25.15,25.01
20250626_042047,2025-06-26 04:20:47,24.93,25.00,24.91,23.04,25.09,25.19,25.02
20250626_042147,2025-06-26 04:21:47,24.85,24.96,24.94,25.01,25.00,25.05,25.00
20250626_042247,2025-06-26 04:22:47,24.96,24.97,24.94,25.00,25.00,25.10,25.00
20250626_042347,2025-06-26 04:23:47,24.93,24.97,24.95,25.01,25.00,25.10,25.01
20250626_042447,2025-06-26 04:24:47,24.95,25.02,24.96,24.96,24.98,25.02,24.99
20250626_042547,2025-06-26 04:25:47,25.02,25.07,24.96,24.93,24.99,25.02,24.99
20250626_042647,2025-06-26 04:26:47,24.99,25.08,24.97,24.95,25.00,25.00,24.99
20250626_042747,2025-06-26 04:27:47,25.04,25.06,24.96,24.96,25.04,25.06,25.00
20250626_042847,2025-06-26 04:28:47,24.92,24.94,24.97,25.01,25.00,25.05,25.00
20250626_042947,2025-06-26 04:29:47,24.94,24.94,25.00,23.08,24.98,25.05,25.00
20250626_043047,2025-06-26 04:30:47,25.19,25.03,25.00,24.98,25.06,25.08,25.03
20250626_043147,2025-06-26 04:31:47,25.04,25.08,24.98,24.96,25.07,25.03,25.02
20250626_043247,2025-06-26 04:32:47,25.02,25.09,25.01,24.94,25.04,24.99,25.01
20250626_043347,2025-06-26 04:33:47,24.92,25.02,25.01,24.96,24.98,24.95,24.99
20250626_043447,2025-06-26 04:34:47,24.88,24.95,25.03,25.01,24.92,24.96,24.98
20250626_043547,2025-06-26 04:35:47,24.96,24.98,25.02,25.02,24.99,25.06,25.00
20250626_043647,2025-06-26 04:36:47,24.93,25.04,25.04,25.00,25.01,25.03,25.01
20250626_043747,2025-06-26 04:37:47,24.92,25.04,25.04,24.97,24.99,24.99,25.00
20250626_043847,2025-06-26 04:38:47,24.94,25.06,25.04,24.97,24.99,24.97,25.00
20250626_043947,2025-06-26 04:39:47,24.92,25.03,25.05,24.98,24.97,24.95,24.99
20250626_044047,2025-06-26 04:40:47,24.90,24.99,25.07,25.01,24.92,24.97,24.99
20250626_044147,2025-06-26 04:41:47,24.94,25.00,25.06,24.98,24.93,24.93,24.98
20250626_044247,2025-06-26 04:42:47,24.89,24.94,25.07,25.00,24.90,24.94,24.97
20250626_044347,2025-06-26 04:43:47,24.90,24.97,25.06,25.00,24.89,24.94,24.97
20250626_044447,2025-06-26 04:44:47,24.94,25.00,25.05,25.01,24.91,24.94,24.98
20250626_044547,2025-06-26 04:45:47,24.95,25.04,25.05,24.99,24.94,24.97,24.98
20250626_044647,2025-06-26 04:46:47,24.96,25.06,25.04,24.95,24.95,24.94,24.98
20250626_044747,2025-06-26 04:47:47,25.02,25.06,25.05,24.94,24.96,24.90,24.97
20250626_044847,2025-06-26 04:48:47,24.99,25.05,25.04,24.93,24.95,24.89,24.97
20250626_044947,2025-06-26 04:49:47,25.11,25.08,25.04,24.91,25.01,24.93,24.98
20250626_045047,2025-06-26 04:50:47,25.00,25.03,25.03,24.97,24.98,24.94,24.98
20250626_045147,2025-06-26 04:51:47,25.02,25.01,25.04,24.98,25.00,25.02,25.00
20250626_045247,2025-06-26 04:52:47,25.04,25.04,25.03,24.97,25.06,25.05,25.02
20250626_045347,2025-06-26 04:53:47,25.09,25.07,25.01,24.93,25.09,25.01,25.02
20250626_045447,2025-06-26 04:54:47,25.03,25.06,24.99,24.95,25.09,25.04,25.02
20250626_045547,2025-06-26 04:55:47,25.15,25.11,25.00,24.93,25.11,25.02,25.03
20250626_045647,2025-06-26 04:56:47,25.00,25.04,25.01,25.01,25.06,24.99,25.02
20250626_045747,2025-06-26 04:57:47,24.94,25.04,25.05,25.00,25.00,24.95,25.01
20250626_045847,2025-06-26 04:58:47,24.97,25.08,25.04,24.96,25.00,24.93,24.99
20250626_045947,2025-06-26 04:59:47,25.06,25.04,25.02,24.97,25.05,25.04,25.01
20250626_050047,2025-06-26 05:00:47,24.83,24.87,25.05,25.03,24.94,25.01,25.00
20250626_050147,2025-06-26 05:01:47,24.83,24.91,25.07,25.01,24.89,24.96,24.98
20250626_050247,2025-06-26 05:02:47,25.02,25.05,25.07,24.95,24.95,24.94,24.98
20250626_050347,2025-06-26 05:03:47,25.00,25.08,25.05,24.93,24.96,24.94,24.98
20250626_050447,2025-06-26 05:04:47,25.11,25.11,25.06,24.93,24.98,24.93,24.99
20250626_050547,2025-06-26 05:05:47,25.09,25.06,25.04,24.95,25.05,25.05,25.01
20250626_050647,2025-06-26 05:06:47,25.02,25.08,25.04,24.94,25.07,25.00,25.01
20250626_050747,2025-06-26 05:07:47,25.07,25.10,25.05,24.94,25.06,24.98,25.01
20250626_050847,2025-06-26 05:08:47,25.01,25.07,25.05,24.97,25.04,23.02,25.01
20250626_050947,2025-06-26 05:09:47,24.99,25.07,25.06,24.95,25.04,24.97,25.01
20250626_051047,2025-06-26 05:10:47,24.96,25.01,25.04,24.96,25.08,25.03,25.02
20250626_051147,2025-06-26 05:11:47,24.90,24.95,25.03,24.94,25.03,24.94,24.99
20250626_051247,2025-06-26 05:12:47,24.81,24.88,25.06,25.02,24.91,24.93,24.98
20250626_051347,2025-06-26 05:13:47,24.89,25.01,25.06,25.00,24.90,24.92,24.97
20250626_051447,2025-06-26 05:14:47,24.95,25.00,25.04,24.95,24.96,24.99,24.98
20250626_051547,2025-06-26 05:15:47,24.96,24.98,24.99,24.93,25.07,25.14,25.01
20250626_051647,2025-06-26 05:16:47,24.93,24.98,25.01,24.98,25.03,25.05,25.01
20250626_051747,2025-06-26 05:17:47,25.06,25.02,24.99,24.95,25.09,25.14,25.03
20250626_051847,2025-06-26 05:18:47,25.05,25.08,24.98,24.93,25.09,25.10,25.03
20250626_051947,2025-06-26 05:19:47,24.99,25.09,25.00,24.94,25.05,25.02,25.01
20250626_052047,2025-06-26 05:20:47,25.05,25.09,24.99,24.96,25.06,25.01,25.01
20250626_052147,2025-06-26 05:21:47,24.94,25.00,25.03,25.02,24.99,25.02,25.01
20250626_052247,2025-06-26 05:22:47,25.10,25.02,25.03,24.96,25.03,24.99,25.01
20250626_052347,2025-06-26 05:23:47,25.02,25.01,25.02,24.99,25.05,25.01,25.01
20250626_052447,2025-06-26 05:24:47,24.97,25.01,25.00,25.01,25.03,25.07,25.02
20250626_052547,2025-06-26 05:25:47,24.94,24.99,25.00,25.04,25.02,25.07,25.02
20250626_052647,2025-06-26 05:26:47,24.94,24.97,25.03,25.01,24.98,25.00,25.01
20250626_052747,2025-06-26 05:27:47,25.06,25.04,25.01,24.97,24.99,23.06,25.00
20250626_052847,2025-06-26 05:28:47,24.98,25.04,25.03,24.96,24.99,25.01,25.00
20250626_052947,2025-06-26 05:29:47,24.97,25.07,25.04,24.95,25.00,24.99,25.00
20250626_053047,2025-06-26 05:30:47,25.00,25.10,25.05,24.94,25.01,24.96,25.00
20250626_053147,2025-06-26 05:31:47,25.01,25.09,25.04,24.94,25.02,24.98,25.00
20250626_053247,2025-06-26 05:32:47,24.91,24.97,25.04,25.02,24.96,24.94,24.99
20250626_053347,2025-06-26 05:33:47,24.94,25.04,25.06,24.99,24.95,24.93,24.99
20250626_053447,2025-06-26 05:34:47,25.03,25.09,25.04,24.96,24.99,24.92,24.99
20250626_053547,2025-06-26 05:35:47,25.01,25.06,25.03,24.97,25.03,24.97,25.00
20250626_053647,2025-06-26 05:36:47,25.13,25.10,25.01,24.93,25.07,24.94,25.00
20250626_053747,2025-06-26 05:37:47,25.13,25.13,25.00,24.88,25.05,24.91,24.99
20250626_053847,2025-06-26 05:38:47,24.99,25.06,25.03,24.90,25.03,24.93,24.98
20250626_053947,2025-06-26 05:39:47,24.93,25.03,25.04,24.91,25.00,24.91,24.97
20250626_054047,2025-06-26 05:40:47,24.87,24.97,25.06,24.90,24.96,24.86,24.95
20250626_054147,2025-06-26 05:41:47,24.90,25.00,25.05,24.90,24.95,24.86,24.94
20250626_054247,2025-06-26 05:42:47,24.99,25.04,25.02,24.88,25.00,24.91,24.96
20250626_054347,2025-06-26 05:43:47,24.97,25.07,25.01,24.87,25.02,24.90,24.96
20250626_054447,2025-06-26 05:44:47,24.91,25.02,25.03,24.87,24.99,24.88,24.95
20250626_054547,2025-06-26 05:45:47,24.89,24.99,25.05,24.89,24.95,24.89,24.95
20250626_054647,2025-06-26 05:46:47,24.89,25.00,25.06,24.89,24.94,24.89,24.95
20250626_054747,2025-06-26 05:47:47,24.86,24.97,25.07,24.90,24.93,24.88,24.94
20250626_054847,2025-06-26 05:48:47,24.87,24.95,25.06,24.93,24.91,24.91,24.95
20250626_054947,2025-06-26 05:49:47,24.97,25.03,25.03,24.89,24.96,24.88,24.95
20250626_055047,2025-06-26 05:50:47,25.01,25.05,25.03,24.86,24.98,24.86,24.95
20250626_055147,2025-06-26 05:51:47,25.11,25.01,25.02,24.87,25.03,24.93,24.96
20250626_055247,2025-06-26 05:52:47,25.02,25.02,25.00,24.87,25.02,24.88,24.96
20250626_055347,2025-06-26 05:53:47,25.01,25.04,24.98,24.86,25.02,24.88,24.95
20250626_055447,2025-06-26 05:54:47,24.90,24.92,24.99,24.93,24.96,24.88,24.94
20250626_055547,2025-06-26 05:55:47,24.88,24.90,25.00,24.89,24.92,24.86,24.92
20250626_055647,2025-06-26 05:56:47,24.88,24.91,24.99,24.91,24.89,24.90,24.92
20250626_055747,2025-06-26 05:57:47,24.86,24.88,24.97,24.93,24.89,24.93,24.92
20250626_055847,2025-06-26 05:58:47,24.97,24.91,24.94,24.88,24.98,24.97,24.94
20250626_055947,2025-06-26 05:59:47,24.92,24.94,24.96,24.89,24.95,24.95,24.94
20250626_060047,2025-06-26 06:00:47,24.95,24.96,24.93,24.86,24.98,25.02,24.94
20250626_060147,2025-06-26 06:01:47,24.97,25.00,24.92,24.85,25.01,25.01,24.95
20250626_060247,2025-06-26 06:02:47,24.96,25.01,24.91,24.83,25.00,24.99,24.94
20250626_060347,2025-06-26 06:03:47,24.93,25.00,24.90,24.82,25.01,24.98,24.94
20250626_060447,2025-06-26 06:04:47,24.87,24.95,24.91,24.85,24.97,24.93,24.92
20250626_060547,2025-06-26 06:05:47,24.87,24.94,24.93,24.84,24.94,24.89,24.91
20250626_060647,2025-06-26 06:06:47,24.85,24.95,24.95,24.83,24.92,24.87,24.90
20250626_060747,2025-06-26 06:07:47,24.80,24.92,24.96,24.82,24.91,24.85,24.89
20250626_060847,2025-06-26 06:08:47,24.82,24.95,24.97,24.83,24.88,24.80,24.88
20250626_060947,2025-06-26 06:09:47,24.80,24.92,24.98,24.86,24.89,24.82,24.88
20250626_061047,2025-06-26 06:10:47,24.87,24.97,24.97,24.84,24.89,24.82,24.88
20250626_061147,2025-06-26 06:11:47,24.88,24.98,24.97,24.84,24.91,24.82,24.89
20250626_061247,2025-06-26 06:12:47,24.90,25.00,24.99,24.83,24.95,24.83,24.90
20250626_061347,2025-06-26 06:13:47,24.91,25.01,24.97,24.83,24.94,24.81,24.90
20250626_061447,2025-06-26 06:14:47,24.94,25.00,24.97,24.83,24.93,24.82,24.90
20250626_061547,2025-06-26 06:15:47,24.94,24.97,24.97,24.82,24.94,24.84,24.90
20250626_061647,2025-06-26 06:16:47,24.83,24.85,24.89,24.79,25.00,24.96,24.90
20250626_061747,2025-06-26 06:17:47,24.96,24.96,24.89,24.80,25.05,24.99,24.92
20250626_061847,2025-06-26 06:18:47,24.93,24.97,24.87,24.83,25.02,24.97,24.93
20250626_061947,2025-06-26 06:19:47,24.83,24.89,24.90,24.90,24.95,25.00,24.93
20250626_062047,2025-06-26 06:20:47,24.80,24.89,24.93,24.89,24.91,24.93,24.91
20250626_062147,2025-06-26 06:21:47,24.84,24.94,24.93,24.84,24.90,24.89,24.90
20250626_062247,2025-06-26 06:22:47,24.89,24.93,24.93,24.89,24.90,24.86,24.90
20250626_062347,2025-06-26 06:23:47,24.92,24.89,24.94,24.87,24.90,24.88,24.90
20250626_062447,2025-06-26 06:24:47,24.89,24.93,24.93,24.85,24.92,24.88,24.90
20250626_062547,2025-06-26 06:25:47,24.90,24.99,24.92,24.80,24.91,24.83,24.88
20250626_062647,2025-06-26 06:26:47,24.89,25.00,24.91,24.78,24.90,24.80,24.87
20250626_062747,2025-06-26 06:27:47,24.86,24.99,24.92,24.77,24.91,24.78,24.86
20250626_062847,2025-06-26 06:28:47,24.81,24.92,24.93,24.80,24.88,24.80,24.85
20250626_062947,2025-06-26 06:29:47,24.83,24.92,24.96,24.84,24.85,24.80,24.86
20250626_063047,2025-06-26 06:30:47,24.85,24.95,24.95,24.81,24.87,24.80,24.86
20250626_063147,2025-06-26 06:31:47,24.86,24.97,24.94,24.80,24.89,24.78,24.86
20250626_063247,2025-06-26 06:32:47,24.88,24.99,24.96,24.80,24.91,24.79,24.87
20250626_063347,2025-06-26 06:33:47,24.90,24.97,24.93,24.83,24.92,24.82,24.88
20250626_063447,2025-06-26 06:34:47,24.90,24.95,24.92,24.84,24.99,24.91,24.90
20250626_063547,2025-06-26 06:35:47,24.95,24.98,24.91,24.81,24.99,24.86,24.90
20250626_063647,2025-06-26 06:36:47,24.99,24.97,24.88,24.78,25.04,24.89,24.91
20250626_063747,2025-06-26 06:37:47,24.97,24.98,24.88,24.79,25.03,24.89,24.91
20250626_063847,2025-06-26 06:38:47,24.92,24.96,24.89,24.78,25.03,24.87,24.90
20250626_063947,2025-06-26 06:39:47,24.94,24.93,24.89,24.82,24.99,24.88,24.90
20250626_064047,2025-06-26 06:40:47,24.92,24.94,24.91,24.80,24.94,24.83,24.88
20250626_064147,2025-06-26 06:41:47,25.00,25.02,24.90,24.77,24.94,24.80,24.87
20250626_064247,2025-06-26 06:42:47,24.94,24.98,24.91,24.77,24.93,24.78,24.87
20250626_064347,2025-06-26 06:43:47,24.94,24.96,24.89,24.79,24.92,24.76,24.86
20250626_064447,2025-06-26 06:44:47,24.88,24.95,24.89,24.80,24.88,24.77,24.85
20250626_064547,2025-06-26 06:45:47,24.96,24.91,24.90,24.80,24.90,24.79,24.85
20250626_064647,2025-06-26 06:46:47,25.03,24.98,24.89,24.78,24.94,24.85,24.87
20250626_064747,2025-06-26 06:47:47,25.06,25.02,24.87,24.77,24.97,24.87,24.88
20250626_064847,2025-06-26 06:48:47,25.05,25.00,24.87,24.76,24.99,24.87,24.89
20250626_064947,2025-06-26 06:49:47,24.94,24.96,24.87,24.77,24.95,24.82,24.87
20250626_065047,2025-06-26 06:50:47,24.81,24.89,24.89,24.83,24.90,24.77,24.86
20250626_065147,2025-06-26 06:51:47,24.84,24.92,24.89,24.89,24.86,24.80,24.86
20250626_065247,2025-06-26 06:52:47,24.98,24.97,24.89,24.83,24.91,24.84,24.87
20250626_065347,2025-06-26 06:53:47,24.97,24.98,24.87,24.81,24.94,24.91,24.89
20250626_065447,2025-06-26 06:54:47,24.89,24.98,24.87,24.81,24.98,24.97,24.90
20250626_065547,2025-06-26 06:55:47,24.89,25.00,24.90,24.80,24.98,24.88,24.90
20250626_065647,2025-06-26 06:56:47,24.90,25.01,24.91,24.78,24.94,24.84,24.89
20250626_065747,2025-06-26 06:57:47,24.83,24.92,24.93,24.83,24.89,24.82,24.87
20250626_065847,2025-06-26 06:58:47,24.84,24.94,24.96,24.84,24.88,24.81,24.87
20250626_065947,2025-06-26 06:59:47,24.78,24.88,24.96,24.85,24.86,24.80,24.87
20250626_070047,2025-06-26 07:00:47,24.92,24.90,24.94,24.83,24.90,24.82,24.87
20250626_070147,2025-06-26 07:01:47,24.91,24.95,24.93,24.82,24.89,24.82,24.87
20250626_070247,2025-06-26 07:02:47,25.00,24.97,24.92,24.82,24.92,24.85,24.88
20250626_070347,2025-06-26 07:03:47,25.02,24.96,24.91,24.85,24.93,24.85,24.89
20250626_070447,2025-06-26 07:04:47,24.96,24.97,24.92,24.85,24.94,24.91,24.90
20250626_070547,2025-06-26 07:05:47,24.94,24.93,24.92,24.83,24.98,24.96,24.92
20250626_070647,2025-06-26 07:06:47,24.95,24.93,24.89,24.85,24.99,24.99,24.93
20250626_070747,2025-06-26 07:07:47,25.02,24.99,24.91,24.82,24.98,24.94,24.93
20250626_070847,2025-06-26 07:08:47,24.99,25.03,24.91,24.83,24.97,24.90,24.92
20250626_070947,2025-06-26 07:09:47,25.09,25.03,24.89,24.82,24.98,24.92,24.92
20250626_071047,2025-06-26 07:10:47,24.93,24.95,24.87,24.83,25.04,25.03,24.93
20250626_071147,2025-06-26 07:11:47,25.02,25.03,24.87,24.85,25.05,23.03,24.95
20250626_071247,2025-06-26 07:12:47,24.98,25.04,24.89,24.83,25.02,24.95,24.94
20250626_071347,2025-06-26 07:13:47,24.92,25.02,24.92,24.87,24.97,24.91,24.93
20250626_071447,2025-06-26 07:14:47,24.94,25.03,24.96,24.88,24.96,24.90,24.93
20250626_071547,2025-06-26 07:15:47,24.92,25.03,24.98,24.87,24.94,24.90,24.93
20250626_071647,2025-06-26 07:16:47,24.99,25.05,24.99,24.89,24.96,24.91,24.94
20250626_071747,2025-06-26 07:17:47,24.95,25.01,24.98,24.92,24.98,23.09,24.95
20250626_071847,2025-06-26 07:18:47,25.00,25.01,24.98,22.99,25.00,25.02,24.97
20250626_071947,2025-06-26 07:19:47,25.01,25.03,24.99,24.93,25.03,24.99,24.98
20250626_072047,2025-06-26 07:20:47,24.97,25.04,25.01,24.95,24.99,24.94,24.98
20250626_072147,2025-06-26 07:21:47,25.04,25.08,25.01,24.93,25.00,24.95,24.98
20250626_072247,2025-06-26 07:22:47,25.14,25.06,24.99,24.95,25.03,23.09,24.99
20250626_072347,2025-06-26 07:23:47,25.08,25.08,24.99,24.94,25.05,25.04,25.00
20250626_072447,2025-06-26 07:24:47,24.99,25.08,25.00,25.01,25.01,25.04,25.01
20250626_072547,2025-06-26 07:25:47,24.93,25.05,25.02,25.03,24.97,25.03,25.01
20250626_072647,2025-06-26 07:26:47,24.99,25.07,25.02,25.02,25.07,25.13,25.04
20250626_072747,2025-06-26 07:27:47,25.03,25.10,25.03,25.02,25.06,25.08,25.05
20250626_072847,2025-06-26 07:28:47,25.02,25.10,25.03,25.01,25.04,25.06,25.04
20250626_072947,2025-06-26 07:29:47,25.12,25.08,25.03,25.01,25.06,25.03,25.04
20250626_073047,2025-06-26 07:30:47,25.08,25.13,25.05,24.99,25.06,25.01,25.04
20250626_073147,2025-06-26 07:31:47,25.13,25.14,25.07,25.00,25.03,24.98,25.03
20250626_073247,2025-06-26 07:32:47,25.02,25.07,25.08,25.05,25.02,25.07,25.05
20250626_073347,2025-06-26 07:33:47,25.11,25.10,25.09,25.04,25.06,25.06,25.06
20250626_073447,2025-06-26 07:34:47,25.16,25.14,25.08,23.09,25.09,25.06,25.07
20250626_073547,2025-06-26 07:35:47,25.04,25.09,25.12,25.10,25.06,25.04,25.07
20250626_073647,2025-06-26 07:36:47,25.25,25.13,25.09,25.05,25.07,25.05,25.08
20250626_073747,2025-06-26 07:37:47,25.14,25.16,25.08,25.06,25.09,25.06,25.08
20250626_073847,2025-06-26 07:38:47,25.14,25.15,25.12,25.11,25.10,25.11,25.10
20250626_073947,2025-06-26 07:39:47,25.18,25.16,25.09,25.07,25.13,25.14,25.11
20250626_074047,2025-06-26 07:40:47,25.09,25.09,25.09,25.09,25.13,25.25,25.12
20250626_074147,2025-06-26 07:41:47,25.16,25.19,25.08,25.10,25.18,25.25,25.14
20250626_074247,2025-06-26 07:42:47,25.11,25.18,25.11,25.13,25.13,25.21,25.15
20250626_074347,2025-06-26 07:43:47,25.07,25.15,25.15,25.17,25.11,25.21,25.15
20250626_074447,2025-06-26 07:44:47,25.11,25.20,25.19,25.17,25.12,25.19,25.16
20250626_074547,2025-06-26 07:45:47,25.26,25.19,25.19,25.17,25.24,25.29,25.20
20250626_074647,2025-06-26 07:46:47,25.29,25.23,25.17,25.18,25.30,25.36,25.23
20250626_074747,2025-06-26 07:47:47,25.24,25.22,25.18,25.18,25.31,25.39,25.25
20250626_074847,2025-06-26 07:48:47,25.11,25.21,25.20,25.24,25.23,23.33,25.25
20250626_074947,2025-06-26 07:49:47,25.15,25.24,25.24,25.25,25.18,25.28,25.24
20250626_075047,2025-06-26 07:50:47,25.30,25.31,25.24,25.23,25.26,25.29,25.25
20250626_075147,2025-06-26 07:51:47,25.22,25.26,25.26,23.30,25.28,25.35,25.27
20250626_075247,2025-06-26 07:52:47,25.30,25.29,25.27,25.28,25.33,25.38,25.30
20250626_075347,2025-06-26 07:53:47,25.30,25.33,25.27,25.31,25.34,25.36,25.31
20250626_075447,2025-06-26 07:54:47,25.22,25.29,25.28,25.35,25.32,25.43,25.33
20250626_075547,2025-06-26 07:55:47,25.25,25.32,25.32,25.36,25.33,25.43,25.34
20250626_075647,2025-06-26 07:56:47,25.29,25.30,25.31,25.31,25.35,25.40,25.34
20250626_075747,2025-06-26 07:57:47,25.35,25.32,25.27,25.30,25.39,25.44,25.35
20250626_075847,2025-06-26 07:58:47,25.32,25.33,25.30,25.33,25.42,25.54,25.37
20250626_075947,2025-06-26 07:59:47,25.47,25.40,25.31,25.34,25.44,25.53,25.40
20250626_080047,2025-06-26 08:00:47,25.47,25.42,25.35,25.37,25.46,25.48,25.41
20250626_080147,2025-06-26 08:01:47,25.47,25.42,25.34,25.36,25.47,25.54,25.42
20250626_080247,2025-06-26 08:02:47,25.42,25.43,25.36,25.37,25.52,25.61,25.45
20250626_080347,2025-06-26 08:03:47,25.47,25.49,25.38,25.36,25.51,25.52,25.45
20250626_080447,2025-06-26 08:04:47,25.52,25.52,25.41,25.38,25.51,25.48,25.45
20250626_080547,2025-06-26 08:05:47,25.49,25.51,25.43,25.43,25.49,25.47,25.46
20250626_080647,2025-06-26 08:06:47,25.55,25.50,25.47,25.44,25.47,25.50,25.47
20250626_080747,2025-06-26 08:07:47,25.56,25.53,25.49,25.47,25.47,25.47,25.48
20250626_080847,2025-06-26 08:08:47,25.49,25.50,25.51,25.52,25.47,25.47,25.49
20250626_080947,2025-06-26 08:09:47,25.46,25.51,25.56,25.57,25.44,25.50,25.50
20250626_081047,2025-06-26 08:10:47,25.65,25.55,25.58,25.58,25.50,25.58,25.54
20250626_081147,2025-06-26 08:11:47,25.66,25.59,25.60,25.56,25.55,25.63,25.57
20250626_081247,2025-06-26 08:12:47,25.62,25.62,25.61,25.55,25.55,25.57,25.58
20250626_081347,2025-06-26 08:13:47,25.52,25.59,25.63,25.58,25.54,25.60,25.58
20250626_081447,2025-06-26 08:14:47,25.53,25.61,25.65,25.61,25.54,25.60,25.59
20250626_081547,2025-06-26 08:15:47,25.52,25.61,25.68,25.65,25.55,25.64,25.61
20250626_081647,2025-06-26 08:16:47,25.52,25.62,25.70,25.68,25.57,25.62,25.62
20250626_081747,2025-06-26 08:17:47,25.58,25.65,25.71,25.68,25.59,25.63,25.64
20250626_081847,2025-06-26 08:18:47,25.59,25.59,25.74,25.70,25.61,25.66,25.66
20250626_081947,2025-06-26 08:19:47,25.57,25.62,25.74,25.70,25.62,25.68,25.67
20250626_082047,2025-06-26 08:20:47,25.56,25.65,25.78,25.74,25.60,25.69,25.68
20250626_082147,2025-06-26 08:21:47,25.61,25.70,25.79,25.77,25.63,25.76,25.71
20250626_082247,2025-06-26 08:22:47,25.70,25.74,25.81,25.78,25.69,25.77,25.74
20250626_082347,2025-06-26 08:23:47,25.70,25.76,25.85,25.79,25.71,25.75,25.76
20250626_082447,2025-06-26 08:24:47,25.71,25.80,25.87,25.80,25.72,25.76,25.77
20250626_082547,2025-06-26 08:25:47,25.75,25.82,25.89,25.83,25.75,25.77,25.80
20250626_082647,2025-06-26 08:26:47,25.68,25.79,25.93,25.93,25.75,25.86,25.83
20250626_082747,2025-06-26 08:27:47,25.83,25.81,25.92,25.87,25.75,25.83,25.84
20250626_082847,2025-06-26 08:28:47,25.87,25.82,25.90,25.84,25.77,23.80,25.84
20250626_082947,2025-06-26 08:29:47,25.89,25.82,25.88,25.86,25.86,25.95,25.87
20250626_083047,2025-06-26 08:30:47,25.86,25.82,25.85,25.88,25.92,26.04,25.90
20250626_083147,2025-06-26 08:31:47,25.87,25.83,25.84,25.89,25.92,26.06,25.91
20250626_083247,2025-06-26 08:32:47,25.91,25.92,25.87,25.92,25.89,26.03,25.92
20250626_083347,2025-06-26 08:33:47,25.91,25.93,25.90,25.97,25.88,25.98,25.93
20250626_083447,2025-06-26 08:34:47,25.90,25.97,25.95,26.03,25.89,26.02,25.95
20250626_083547,2025-06-26 08:35:47,25.98,25.96,26.01,26.06,25.91,23.95,25.98
20250626_083647,2025-06-26 08:36:47,25.98,25.98,26.02,26.07,25.93,26.02,26.00
20250626_083747,2025-06-26 08:37:47,26.07,26.02,26.03,26.07,25.93,26.03,26.01
20250626_083847,2025-06-26 08:38:47,26.16,26.06,26.03,26.08,26.01,26.13,26.05
20250626_083947,2025-06-26 08:39:47,26.10,26.10,26.03,26.09,26.06,26.13,26.07
20250626_084047,2025-06-26 08:40:47,26.11,26.10,26.08,26.14,26.07,26.13,26.09
20250626_084147,2025-06-26 08:41:47,26.17,26.15,26.11,26.15,26.10,26.15,26.12
20250626_084247,2025-06-26 08:42:47,26.16,26.11,26.11,26.12,26.10,26.14,26.12
20250626_084347,2025-06-26 08:43:47,26.26,26.16,26.14,26.18,26.16,26.24,26.16
20250626_084447,2025-06-26 08:44:47,26.24,26.16,26.14,26.18,26.23,26.34,26.20
20250626_084547,2025-06-26 08:45:47,26.29,26.16,26.14,26.15,26.24,26.26,26.20
20250626_084647,2025-06-26 08:46:47,26.34,26.18,26.15,26.17,26.21,26.19,26.19
20250626_084747,2025-06-26 08:47:47,26.33,26.20,26.14,26.17,26.22,26.21,26.19
20250626_084847,2025-06-26 08:48:47,26.43,26.26,26.15,26.18,26.27,26.28,26.22
20250626_084947,2025-06-26 08:49:47,26.31,26.26,26.17,26.23,26.29,26.37,26.25
20250626_085047,2025-06-26 08:50:47,26.17,26.14,26.13,26.19,26.28,26.37,26.24
20250626_085147,2025-06-26 08:51:47,26.26,26.23,26.13,26.21,26.27,26.37,26.24
20250626_085247,2025-06-26 08:52:47,26.24,26.29,26.20,26.26,26.25,26.33,26.25
20250626_085347,2025-06-26 08:53:47,26.37,26.34,26.24,26.30,26.28,26.34,26.28
20250626_085447,2025-06-26 08:54:47,26.41,26.32,26.27,26.33,26.32,26.38,26.31
20250626_085547,2025-06-26 08:55:47,26.29,26.30,26.30,26.35,26.30,26.37,26.32
20250626_085647,2025-06-26 08:56:47,26.40,26.32,26.25,26.32,26.33,26.37,26.32
20250626_085747,2025-06-26 08:57:47,26.39,26.32,26.25,26.29,26.34,26.41,26.32
20250626_085847,2025-06-26 08:58:47,26.33,26.34,26.28,24.27,26.32,26.42,26.33
20250626_085947,2025-06-26 08:59:47,26.26,26.28,26.32,26.41,26.29,26.44,26.34
20250626_090047,2025-06-26 09:00:47,26.26,26.30,26.37,26.46,26.30,26.43,26.37
20250626_090147,2025-06-26 09:01:47,26.37,26.34,26.39,26.46,26.34,26.49,26.40
20250626_090247,2025-06-26 09:02:47,26.47,26.32,26.36,26.38,26.39,26.54,26.41
20250626_090347,2025-06-26 09:03:47,26.43,26.31,26.32,26.35,26.39,26.52,26.40
20250626_090447,2025-06-26 09:04:47,26.24,26.24,26.35,26.43,26.32,26.47,26.38
20250626_090547,2025-06-26 09:05:47,26.30,26.28,26.36,24.38,26.31,26.45,26.38
20250626_090647,2025-06-26 09:06:47,26.40,26.34,26.39,24.38,26.36,26.48,26.40
20250626_090747,2025-06-26 09:07:47,26.39,26.35,26.37,26.38,26.38,26.46,26.40
20250626_090847,2025-06-26 09:08:47,26.35,26.37,26.41,26.45,26.34,26.44,26.40
20250626_090947,2025-06-26 09:09:47,26.33,26.37,26.46,24.46,26.33,26.44,26.41
20250626_091047,2025-06-26 09:10:47,26.38,26.40,26.48,26.48,26.38,26.42,26.42
20250626_091147,2025-06-26 09:11:47,26.34,26.37,26.45,26.50,26.39,26.50,26.44
20250626_091247,2025-06-26 09:12:47,26.41,26.46,26.51,26.53,26.41,26.49,26.46
20250626_091347,2025-06-26 09:13:47,26.41,26.48,26.53,26.56,26.43,26.57,26.50
20250626_091447,2025-06-26 09:14:47,26.45,26.44,26.53,26.56,26.49,26.66,26.53
20250626_091547,2025-06-26 09:15:47,26.61,26.53,26.50,26.54,26.54,26.66,26.55
20250626_091647,2025-06-26 09:16:47,26.54,26.52,26.53,26.59,26.54,26.65,26.56
20250626_091747,2025-06-26 09:17:47,26.43,26.45,26.58,26.70,26.50,26.64,26.58
20250626_091847,2025-06-26 09:18:47,26.55,26.52,26.59,26.66,26.52,26.64,26.59
20250626_091947,2025-06-26 09:19:47,26.62,26.57,26.61,26.67,26.57,26.66,26.61
20250626_092047,2025-06-26 09:20:47,26.58,26.57,26.60,26.62,26.60,26.68,26.62
20250626_092147,2025-06-26 09:21:47,26.55,26.58,26.58,26.64,26.62,26.75,26.63
20250626_092247,2025-06-26 09:22:47,26.68,26.65,26.59,26.67,26.66,26.79,26.66
20250626_092347,2025-06-26 09:23:47,26.68,26.64,26.64,26.73,26.72,26.85,26.70
20250626_092447,2025-06-26 09:24:47,26.72,26.69,26.69,26.75,26.73,26.81,26.73
20250626_092547,2025-06-26 09:25:47,26.74,26.72,26.74,26.82,26.74,26.81,26.76
20250626_092647,2025-06-26 09:26:47,26.73,26.73,26.78,26.84,26.71,26.82,26.77
20250626_092747,2025-06-26 09:27:47,26.85,26.77,26.80,26.87,26.74,26.87,26.80
20250626_092847,2025-06-26 09:28:47,26.95,26.80,26.81,26.89,26.80,26.94,26.84
20250626_092947,2025-06-26 09:29:47,26.99,26.83,26.81,26.87,26.85,26.94,26.86
20250626_093047,2025-06-26 09:30:47,26.89,26.87,26.85,26.91,26.84,26.92,26.87
20250626_093147,2025-06-26 09:31:47,26.87,26.91,26.91,26.98,26.86,26.96,26.90
20250626_093247,2025-06-26 09:32:47,26.90,26.98,26.98,27.09,26.88,27.03,26.96
20250626_093347,2025-06-26 09:33:47,26.97,26.96,27.02,27.11,26.94,27.10,27.01
20250626_093447,2025-06-26 09:34:47,26.96,26.86,26.99,27.06,26.90,27.05,26.99
20250626_093547,2025-06-26 09:35:47,26.93,26.92,27.00,27.05,26.89,26.99,26.98
20250626_093647,2025-06-26 09:36:47,26.97,26.97,27.01,27.03,26.93,27.02,26.99
20250626_093747,2025-06-26 09:37:47,26.99,26.93,27.02,27.06,26.91,26.98,26.99
20250626_093847,2025-06-26 09:38:47,27.00,26.88,26.92,26.93,26.90,26.97,26.95
20250626_093947,2025-06-26 09:39:47,26.98,26.83,26.84,26.84,26.86,26.90,26.90
20250626_094047,2025-06-26 09:40:47,26.93,26.81,26.78,26.79,26.84,26.97,26.87
20250626_094147,2025-06-26 09:41:47,26.78,26.73,26.73,26.75,26.82,26.96,26.83
20250626_094247,2025-06-26 09:42:47,26.89,26.78,26.71,26.75,26.87,27.02,26.83
20250626_094347,2025-06-26 09:43:47,26.83,26.73,26.70,26.72,26.89,27.01,26.83
20250626_094447,2025-06-26 09:44:47,26.84,26.75,26.66,26.71,26.92,27.02,26.83
20250626_094547,2025-06-26 09:45:47,26.84,26.83,26.70,26.83,26.88,26.96,26.84
20250626_094647,2025-06-26 09:46:47,26.88,26.88,26.77,26.83,26.88,26.93,26.85
20250626_094747,2025-06-26 09:47:47,26.95,26.83,26.77,26.80,26.93,26.99,26.87
20250626_094847,2025-06-26 09:48:47,26.97,26.92,26.77,26.77,26.92,26.94,26.86
20250626_094947,2025-06-26 09:49:47,26.95,26.91,26.80,26.79,26.93,26.93,26.87
20250626_095047,2025-06-26 09:50:47,26.93,26.87,26.82,26.82,26.93,26.92,26.87
20250626_095147,2025-06-26 09:51:47,26.94,26.76,26.79,26.77,26.96,26.99,26.87
20250626_095247,2025-06-26 09:52:47,26.74,26.67,26.79,26.86,26.91,26.96,26.86
20250626_095347,2025-06-26 09:53:47,26.62,26.56,26.85,27.00,26.76,26.91,26.85
20250626_095447,2025-06-26 09:54:47,26.64,26.56,26.79,26.87,26.72,26.89,26.81
20250626_095547,2025-06-26 09:55:47,26.72,26.55,26.71,26.74,26.71,26.83,26.76
20250626_095647,2025-06-26 09:56:47,26.57,26.46,26.67,26.63,26.67,26.72,26.69
20250626_095747,2025-06-26 09:57:47,26.65,26.55,26.65,26.63,26.63,26.66,26.66
20250626_095847,2025-06-26 09:58:47,26.65,26.57,26.65,26.62,26.68,26.75,26.66
20250626_095947,2025-06-26 09:59:47,26.39,26.34,26.51,26.44,26.59,26.54,26.56
20250626_100047,2025-06-26 10:00:47,26.34,26.26,26.40,26.32,26.51,26.45,26.46
20250626_100147,2025-06-26 10:01:47,26.49,26.44,26.37,26.33,26.50,24.37,26.44
20250626_100247,2025-06-26 10:02:47,26.49,26.48,26.40,26.35,26.49,26.48,26.43
20250626_100347,2025-06-26 10:03:47,26.42,26.37,26.44,26.33,26.43,26.36,26.41
20250626_100447,2025-06-26 10:04:47,26.46,26.42,26.43,26.29,26.40,26.32,26.38
20250626_100547,2025-06-26 10:05:47,26.46,26.49,26.43,26.33,26.42,26.35,26.39
20250626_100647,2025-06-26 10:06:47,26.65,26.52,26.43,26.33,26.49,26.42,26.42
20250626_100747,2025-06-26 10:07:47,26.61,26.45,26.40,26.29,26.54,26.55,26.44
20250626_100847,2025-06-26 10:08:47,26.54,26.47,26.40,26.27,26.55,26.45,26.43
20250626_100947,2025-06-26 10:09:47,26.44,26.43,26.40,26.31,26.50,26.39,26.42
20250626_101047,2025-06-26 10:10:47,26.49,26.45,26.42,24.25,26.49,26.36,26.41
20250626_101147,2025-06-26 10:11:47,26.49,26.38,26.38,26.29,26.55,26.46,26.41
20250626_101247,2025-06-26 10:12:47,26.58,26.43,26.35,26.28,26.59,26.51,26.43
20250626_101347,2025-06-26 10:13:47,26.42,26.31,26.31,26.25,26.59,26.51,26.42
20250626_101447,2025-06-26 10:14:47,26.50,26.34,26.31,26.29,26.62,26.62,26.44
20250626_101547,2025-06-26 10:15:47,26.42,26.39,26.32,26.34,26.63,26.60,26.46
20250626_101647,2025-06-26 10:16:47,26.46,26.37,26.34,26.37,26.59,26.55,26.46
20250626_101747,2025-06-26 10:17:47,26.44,26.39,26.34,24.30,26.51,26.44,26.43
20250626_101847,2025-06-26 10:18:47,26.40,26.35,26.36,26.37,26.44,26.51,26.42
20250626_101947,2025-06-26 10:19:47,26.43,26.33,26.35,26.35,26.47,26.50,26.42
20250626_102047,2025-06-26 10:20:47,26.49,26.38,26.32,26.34,26.51,26.53,26.42
20250626_102147,2025-06-26 10:21:47,26.54,26.47,26.32,26.34,26.53,26.58,26.44
20250626_102247,2025-06-26 10:22:47,26.50,26.40,26.30,26.29,26.48,26.47,26.41
20250626_102347,2025-06-26 10:23:47,26.31,26.34,26.27,26.31,26.44,26.52,26.39
20250626_102447,2025-06-26 10:24:47,26.49,26.46,26.28,26.32,26.42,26.44,26.38
20250626_102547,2025-06-26 10:25:47,26.53,26.49,26.36,26.42,26.44,26.49,26.42
20250626_102647,2025-06-26 10:26:47,26.49,26.45,26.36,26.41,26.48,26.63,26.45
20250626_102747,2025-06-26 10:27:47,26.44,26.44,26.35,26.42,26.52,26.74,26.48
20250626_102847,2025-06-26 10:28:47,26.57,26.52,26.39,26.46,26.57,26.71,26.52
20250626_102947,2025-06-26 10:29:47,26.75,26.57,26.41,26.46,26.64,26.69,26.55
20250626_103047,2025-06-26 10:30:47,26.76,26.63,26.43,26.52,26.66,26.71,26.58
20250626_103147,2025-06-26 10:31:47,26.64,26.59,26.43,26.52,26.67,26.76,26.59
20250626_103247,2025-06-26 10:32:47,26.58,26.59,26.50,26.59,26.63,26.71,26.60
20250626_103347,2025-06-26 10:33:47,26.60,26.66,26.58,26.72,26.61,26.75,26.64
20250626_103447,2025-06-26 10:34:47,26.56,26.61,26.55,26.66,26.68,26.77,26.65
20250626_103547,2025-06-26 10:35:47,26.64,26.73,26.60,26.77,26.67,26.80,26.69
20250626_103647,2025-06-26 10:36:47,26.69,26.73,26.64,26.75,26.70,26.87,26.72
20250626_103747,2025-06-26 10:37:47,26.66,26.72,26.63,26.76,26.71,26.94,26.74
20250626_103847,2025-06-26 10:38:47,26.75,26.73,26.62,26.76,26.73,26.93,26.75
20250626_103947,2025-06-26 10:39:47,26.74,26.82,26.70,26.86,26.72,26.91,26.78
20250626_104047,2025-06-26 10:40:47,26.76,26.84,26.79,26.94,26.76,26.90,26.82
20250626_104147,2025-06-26 10:41:47,26.82,26.80,26.80,26.89,26.77,26.92,26.83
20250626_104247,2025-06-26 10:42:47,26.82,26.75,26.67,26.77,26.79,26.92,26.80
20250626_104347,2025-06-26 10:43:47,26.74,26.74,26.65,26.77,26.76,26.89,26.78
20250626_104447,2025-06-26 10:44:47,26.72,26.79,26.63,26.80,26.71,26.86,26.76
20250626_104547,2025-06-26 10:45:47,26.79,26.81,26.64,26.79,26.75,26.90,26.77
20250626_104647,2025-06-26 10:46:47,26.79,26.82,26.65,26.81,26.76,24.82,26.78
20250626_104747,2025-06-26 10:47:47,26.78,26.78,26.61,26.77,26.77,26.97,26.78
20250626_104847,2025-06-26 10:48:47,26.89,26.86,26.63,26.80,26.82,27.02,26.81
20250626_104947,2025-06-26 10:49:47,26.84,26.84,26.62,26.83,26.82,26.99,26.81
20250626_105047,2025-06-26 10:50:47,26.93,26.89,26.66,24.75,26.84,27.02,26.83
20250626_105147,2025-06-26 10:51:47,26.86,26.87,26.65,26.84,26.88,27.13,26.86
20250626_105247,2025-06-26 10:52:47,26.99,26.94,26.69,26.89,26.95,27.25,26.92
20250626_105347,2025-06-26 10:53:47,27.07,27.04,26.76,24.88,27.01,27.21,26.96
20250626_105447,2025-06-26 10:54:47,27.08,27.09,26.88,27.08,27.03,27.16,27.01
20250626_105547,2025-06-26 10:55:47,27.09,27.09,26.91,27.09,27.04,27.19,27.04
20250626_105647,2025-06-26 10:56:47,27.18,27.12,26.93,27.11,27.09,27.29,27.08
20250626_105747,2025-06-26 10:57:47,27.20,27.13,26.93,27.13,27.11,27.25,27.10
20250626_105847,2025-06-26 10:58:47,27.28,27.19,26.98,27.16,27.13,27.28,27.13
20250626_105948,2025-06-26 10:59:48,27.30,27.24,27.00,27.20,27.16,27.31,27.16
20250626_110048,2025-06-26 11:00:48,27.28,27.27,27.07,27.25,27.17,27.31,27.19
20250626_110148,2025-06-26 11:01:48,27.38,27.28,27.11,27.28,27.23,27.40,27.24
20250626_110248,2025-06-26 11:02:48,27.51,27.36,27.16,27.32,27.32,27.43,27.29
20250626_110348,2025-06-26 11:03:48,27.45,27.37,27.18,27.34,27.34,27.45,27.32
20250626_110447,2025-06-26 11:04:47,27.46,27.41,27.24,27.39,27.33,27.46,27.35
20250626_110547,2025-06-26 11:05:47,27.41,27.41,27.26,27.45,27.33,27.52,27.38
20250626_110647,2025-06-26 11:06:47,27.45,27.45,27.28,25.30,27.39,27.62,27.41
20250626_110747,2025-06-26 11:07:47,27.42,27.47,27.33,27.53,27.36,27.55,27.43
20250626_110847,2025-06-26 11:08:47,27.47,27.57,27.41,27.62,27.37,27.58,27.47
20250626_110948,2025-06-26 11:09:48,27.56,27.56,27.47,27.66,27.41,27.64,27.52
20250626_111047,2025-06-26 11:10:47,27.65,27.58,27.46,27.63,27.47,27.62,27.54
20250626_111148,2025-06-26 11:11:48,27.69,27.74,27.58,27.79,27.58,27.84,27.64
20250626_111248,2025-06-26 11:12:48,27.99,28.06,27.80,28.03,27.77,28.18,27.84
20250626_111348,2025-06-26 11:13:48,28.24,28.20,27.91,28.14,27.98,28.43,28.02
20250626_111508,2025-06-26 11:15:08,28.00,28.01,27.97,28.11,27.97,28.26,28.07
20250626_111608,2025-06-26 11:16:08,28.11,28.06,28.03,28.17,28.05,28.30,28.11
20250626_111707,2025-06-26 11:17:07,27.99,27.95,27.99,28.11,28.01,28.23,28.09
20250626_111808,2025-06-26 11:18:08,27.90,27.85,27.89,28.00,27.90,28.08,28.00
20250626_111908,2025-06-26 11:19:08,27.86,27.83,27.85,27.98,27.82,28.00,27.94
20250626_112007,2025-06-26 11:20:07,27.91,27.89,27.86,28.01,27.82,28.02,27.93
20250626_112107,2025-06-26 11:21:07,28.02,27.87,27.83,27.96,27.89,28.06,27.93
20250626_112207,2025-06-26 11:22:07,27.88,27.78,27.73,27.84,27.87,28.08,27.90
20250626_112307,2025-06-26 11:23:07,27.85,27.80,27.72,27.87,27.86,28.09,27.89
20250626_112407,2025-06-26 11:24:07,27.85,27.78,27.77,27.88,27.81,28.00,27.87
20250626_112507,2025-06-26 11:25:07,27.82,27.82,27.80,28.01,27.77,27.98,27.88
20250626_112607,2025-06-26 11:26:07,27.87,27.77,27.74,25.70,27.82,28.02,27.88
20250626_112707,2025-06-26 11:27:07,27.92,27.86,27.72,27.88,27.83,28.00,27.87
20250626_112807,2025-06-26 11:28:07,27.88,27.90,27.81,28.02,27.83,28.02,27.90
20250626_112907,2025-06-26 11:29:07,27.85,27.86,27.84,28.01,27.81,28.05,27.91
20250626_113007,2025-06-26 11:30:07,27.90,27.88,27.85,28.00,27.82,28.00,27.91
20250626_113107,2025-06-26 11:31:07,28.01,27.87,27.83,27.95,27.88,28.07,27.93
20250626_113207,2025-06-26 11:32:07,27.97,27.84,27.80,27.92,27.84,28.00,27.90
20250626_113307,2025-06-26 11:33:07,27.91,27.88,27.82,28.01,27.82,28.00,27.91
20250626_113407,2025-06-26 11:34:07,27.86,27.86,27.83,27.97,27.81,28.01,27.90
20250626_113507,2025-06-26 11:35:07,27.87,27.92,27.85,28.03,27.82,28.06,27.92
20250626_113607,2025-06-26 11:36:07,27.89,27.87,27.92,28.10,27.83,28.05,27.95
20250626_113707,2025-06-26 11:37:07,27.88,27.84,27.91,28.04,27.82,28.02,27.94
20250626_113807,2025-06-26 11:38:07,27.91,27.88,27.87,27.99,27.79,27.98,27.92
20250626_113907,2025-06-26 11:39:07,27.87,27.86,27.89,28.05,27.77,28.01,27.92
20250626_114007,2025-06-26 11:40:07,27.89,27.87,27.85,25.76,27.76,27.94,27.91
20250626_114107,2025-06-26 11:41:07,28.01,27.90,27.80,27.91,27.81,28.03,27.90
20250626_114207,2025-06-26 11:42:07,27.95,27.93,27.82,27.97,27.84,28.08,27.92
20250626_114307,2025-06-26 11:43:07,27.92,27.89,27.83,27.96,27.86,28.08,27.93
20250626_114407,2025-06-26 11:44:07,28.00,27.94,27.84,28.00,27.91,28.18,27.96
20250626_114507,2025-06-26 11:45:07,27.88,27.88,27.83,27.97,27.92,28.18,27.96
20250626_114607,2025-06-26 11:46:07,28.02,27.96,27.87,28.01,27.96,28.18,27.99
20250626_114707,2025-06-26 11:47:07,28.07,27.93,27.91,28.04,27.99,28.16,28.01
20250626_114807,2025-06-26 11:48:07,28.03,27.87,27.91,28.05,27.98,28.15,28.01
20250626_114907,2025-06-26 11:49:07,27.97,27.86,27.89,28.04,27.94,28.09,27.99
20250626_115007,2025-06-26 11:50:07,28.05,27.93,27.91,28.01,27.97,28.15,28.00
20250626_115107,2025-06-26 11:51:07,28.12,27.96,27.91,28.03,28.03,28.21,28.03
20250626_115207,2025-06-26 11:52:07,28.03,27.88,27.86,27.97,28.01,28.12,28.00
20250626_115307,2025-06-26 11:53:07,28.12,27.95,27.85,27.94,28.02,28.08,27.99
20250626_115407,2025-06-26 11:54:07,28.11,28.10,27.93,28.14,28.04,28.22,28.05
20250626_115507,2025-06-26 11:55:07,28.08,28.11,28.05,28.23,28.05,28.26,28.11
20250626_115607,2025-06-26 11:56:07,28.16,28.13,28.10,28.23,28.09,28.30,28.15
20250626_115708,2025-06-26 11:57:08,28.22,28.16,28.11,28.25,28.14,28.33,28.19
20250626_115807,2025-06-26 11:58:07,28.12,28.09,28.11,28.24,28.16,28.38,28.20
20250626_115907,2025-06-26 11:59:07,28.22,28.17,28.15,28.31,28.18,28.37,28.23
20250626_120007,2025-06-26 12:00:07,28.28,28.19,28.17,28.30,28.15,28.28,28.23
20250626_120107,2025-06-26 12:01:07,28.22,28.07,28.09,28.18,28.13,28.27,28.19
20250626_120207,2025-06-26 12:02:07,28.11,27.99,27.94,28.02,28.06,28.13,28.09
20250626_120307,2025-06-26 12:03:07,28.29,28.09,27.94,28.06,28.10,28.22,28.09
20250626_120407,2025-06-26 12:04:07,28.31,28.13,28.00,28.10,28.17,28.32,28.13
20250626_120507,2025-06-26 12:05:07,28.16,28.08,27.97,28.11,28.17,28.36,28.14
20250626_120607,2025-06-26 12:06:07,28.27,28.19,28.02,28.19,28.21,28.42,28.19
20250626_120707,2025-06-26 12:07:07,28.23,28.13,28.06,28.21,28.21,28.37,28.20
20250626_120807,2025-06-26 12:08:07,28.34,28.20,28.08,28.22,28.23,28.38,28.22
20250626_120907,2025-06-26 12:09:07,28.31,28.27,28.15,28.34,28.26,28.43,28.27
20250626_121008,2025-06-26 12:10:08,28.40,28.31,28.24,28.37,28.32,28.45,28.32
20250626_121108,2025-06-26 12:11:08,28.39,28.37,28.29,23.99,28.33,28.48,28.35
20250626_121207,2025-06-26 12:12:07,28.47,28.35,28.29,28.38,28.35,28.49,28.37
20250626_121307,2025-06-26 12:13:07,28.41,28.27,28.23,28.31,28.35,28.49,28.35
20250626_121407,2025-06-26 12:14:07,28.42,28.31,28.20,28.31,28.41,28.59,28.37
20250626_121507,2025-06-26 12:15:07,28.36,28.36,28.24,28.42,28.39,28.59,28.39
20250626_121607,2025-06-26 12:16:07,28.39,28.43,28.33,28.57,28.39,28.60,28.44
20250626_121707,2025-06-26 12:17:07,28.44,28.39,28.34,28.51,28.43,28.65,28.46
20250626_121807,2025-06-26 12:18:07,28.44,28.40,28.36,28.51,28.44,28.64,28.47
20250626_121907,2025-06-26 12:19:07,28.51,28.43,28.37,28.54,28.41,28.59,28.47
20250626_122007,2025-06-26 12:20:07,28.53,28.44,28.39,28.54,28.43,28.59,28.48
20250626_122107,2025-06-26 12:21:07,28.48,28.37,28.35,28.43,28.36,28.54,28.44
20250626_122207,2025-06-26 12:22:07,28.58,28.38,28.29,28.35,28.37,28.52,28.41
20250626_122307,2025-06-26 12:23:07,28.52,28.36,28.28,28.34,28.38,28.54,28.40
20250626_122407,2025-06-26 12:24:07,28.49,28.35,28.29,28.36,28.35,28.49,28.38
20250626_122507,2025-06-26 12:25:07,28.49,28.47,28.35,28.46,28.40,28.62,28.43
20250626_122607,2025-06-26 12:26:07,28.49,28.44,28.41,28.49,28.43,28.61,28.46
20250626_122707,2025-06-26 12:27:07,28.47,28.37,28.36,28.46,28.43,28.54,28.45
20250626_122807,2025-06-26 12:28:07,28.52,28.32,28.30,28.38,28.42,28.52,28.42
20250626_122907,2025-06-26 12:29:07,28.43,28.34,28.26,28.31,28.36,28.53,28.39
20250626_123007,2025-06-26 12:30:07,28.29,28.22,28.23,28.29,28.26,28.42,28.33
20250626_123107,2025-06-26 12:31:07,28.17,28.12,28.26,28.36,28.16,28.34,28.29
20250626_123207,2025-06-26 12:32:07,28.23,28.20,28.27,28.41,28.17,28.37,28.29
20250626_123307,2025-06-26 12:33:07,28.16,28.11,28.25,28.34,28.14,28.28,28.26
20250626_123407,2025-06-26 12:34:07,28.11,28.05,28.19,28.25,28.09,28.22,28.21
20250626_123507,2025-06-26 12:35:07,28.31,28.16,28.12,28.17,28.15,28.29,28.19
20250626_123607,2025-06-26 12:36:07,28.17,28.04,28.02,28.10,28.17,28.27,28.16
20250626_123707,2025-06-26 12:37:07,28.16,28.09,27.99,28.09,28.12,28.23,28.13
20250626_123807,2025-06-26 12:38:07,28.32,28.18,28.04,28.16,28.13,28.21,28.14
20250626_123907,2025-06-26 12:39:07,28.19,28.09,28.08,28.18,28.11,28.25,28.15
20250626_124007,2025-06-26 12:40:07,28.09,27.99,27.97,28.05,28.13,28.18,28.10
20250626_124107,2025-06-26 12:41:07,28.11,28.07,27.99,28.16,28.07,28.19,28.10
20250626_124207,2025-06-26 12:42:07,28.11,28.11,28.09,28.26,28.06,28.22,28.14
20250626_124307,2025-06-26 12:43:07,28.10,28.06,28.14,28.24,28.06,28.23,28.15
20250626_124407,2025-06-26 12:44:07,27.97,27.92,28.02,28.10,28.05,28.17,28.10
20250626_124507,2025-06-26 12:45:07,27.94,27.90,27.98,28.01,27.96,28.08,28.03
20250626_124607,2025-06-26 12:46:07,28.03,27.98,27.96,28.01,28.00,28.12,28.03
20250626_124707,2025-06-26 12:47:07,28.16,28.05,27.94,28.01,28.03,28.16,28.04
20250626_124807,2025-06-26 12:48:07,28.04,27.99,27.89,27.98,28.04,28.18,28.03
20250626_124907,2025-06-26 12:49:07,28.09,28.06,27.98,28.12,28.06,28.20,28.07
20250626_125007,2025-06-26 12:50:07,28.15,28.06,28.08,28.16,28.07,28.19,28.10
20250626_125107,2025-06-26 12:51:07,28.17,28.11,28.10,28.16,28.08,28.22,28.13
20250626_125207,2025-06-26 12:52:07,28.20,28.17,28.12,28.16,28.11,28.26,28.15
20250626_125307,2025-06-26 12:53:07,28.15,28.13,28.12,28.19,28.14,28.32,28.17
20250626_125407,2025-06-26 12:54:07,28.22,28.21,28.15,28.23,28.16,28.33,28.20
20250626_125507,2025-06-26 12:55:07,28.26,28.23,28.21,28.34,28.23,28.44,28.26
20250626_125607,2025-06-26 12:56:07,28.32,28.18,28.24,28.34,28.23,28.44,28.29
20250626_125707,2025-06-26 12:57:07,28.30,28.17,28.26,28.34,28.20,28.37,28.29
20250626_125807,2025-06-26 12:58:07,28.28,28.22,28.26,28.39,28.22,28.37,28.30
20250626_125907,2025-06-26 12:59:07,28.35,28.25,28.30,28.38,28.28,28.46,28.33
20250626_130007,2025-06-26 13:00:07,28.32,28.22,28.26,28.31,28.29,28.42,28.32
20250626_130107,2025-06-26 13:01:07,28.35,28.18,28.19,28.24,28.27,28.39,28.29
20250626_130207,2025-06-26 13:02:07,28.34,28.19,28.16,28.23,28.32,28.43,28.28
20250626_130307,2025-06-26 13:03:07,28.10,28.01,28.08,28.16,28.28,28.43,28.24
20250626_130407,2025-06-26 13:04:07,28.10,28.02,28.03,28.10,28.23,28.41,28.20
20250626_130507,2025-06-26 13:05:07,28.16,28.02,28.02,28.10,28.20,28.30,28.17
20250626_130607,2025-06-26 13:06:07,28.25,28.11,28.04,28.14,28.20,28.38,28.18
20250626_130707,2025-06-26 13:07:07,28.20,28.15,28.06,28.17,28.17,28.36,28.18
20250626_130807,2025-06-26 13:08:07,28.21,28.11,28.04,28.14,28.16,28.34,28.18
20250626_130907,2025-06-26 13:09:07,28.24,28.11,28.03,28.14,28.19,28.40,28.18
20250626_131007,2025-06-26 13:10:07,28.23,28.20,28.06,28.24,28.23,28.42,28.21
20250626_131107,2025-06-26 13:11:07,28.33,28.29,28.20,28.38,28.24,28.43,28.28
20250626_131207,2025-06-26 13:12:07,28.29,28.28,28.28,28.45,28.22,28.42,28.31
20250626_131307,2025-06-26 13:13:07,28.24,28.24,28.29,28.41,28.19,28.41,28.32
20250626_131407,2025-06-26 13:14:07,28.40,28.31,28.27,28.38,28.29,28.50,28.34
20250626_131507,2025-06-26 13:15:07,28.41,28.23,28.22,28.30,28.32,28.45,28.33
20250626_131607,2025-06-26 13:16:07,28.25,28.15,28.13,28.18,28.25,28.36,28.26
20250626_131707,2025-06-26 13:17:07,28.26,28.20,28.07,28.16,28.20,28.30,28.22
20250626_131807,2025-06-26 13:18:07,28.31,28.22,28.11,28.19,28.17,28.29,28.20
20250626_131907,2025-06-26 13:19:07,28.35,28.16,28.06,28.14,28.19,28.26,28.19
20250626_132007,2025-06-26 13:20:07,28.09,27.99,27.98,28.07,28.13,28.21,28.13
20250626_132107,2025-06-26 13:21:07,28.05,27.99,27.95,28.05,28.10,28.21,28.09
20250626_132207,2025-06-26 13:22:07,28.09,28.03,27.94,28.07,28.08,28.25,28.09
20250626_132307,2025-06-26 13:23:07,28.33,28.23,28.02,28.16,28.16,28.36,28.15
20250626_132407,2025-06-26 13:24:07,28.39,28.30,28.12,28.28,28.23,28.41,28.22
20250626_132507,2025-06-26 13:25:07,28.31,28.19,28.12,28.22,28.22,28.36,28.23
20250626_132607,2025-06-26 13:26:07,28.38,28.27,28.12,28.25,28.24,28.40,28.25
20250626_132707,2025-06-26 13:27:07,28.40,28.38,28.21,28.38,28.28,28.45,28.31
20250626_132807,2025-06-26 13:28:07,28.18,28.14,28.13,28.23,28.24,28.38,28.26
20250626_132907,2025-06-26 13:29:07,28.06,28.04,28.07,28.17,28.20,28.33,28.21
20250626_133007,2025-06-26 13:30:07,27.99,27.96,27.99,28.09,28.15,28.26,28.14
20250626_133107,2025-06-26 13:31:07,28.02,28.02,28.05,28.17,28.10,28.27,28.14
20250626_133207,2025-06-26 13:32:07,28.10,28.03,28.02,28.13,28.08,28.23,28.12
20250626_133307,2025-06-26 13:33:07,28.17,27.98,27.94,28.05,28.12,28.23,28.10
20250626_133407,2025-06-26 13:34:07,28.16,28.02,27.90,28.06,28.13,28.24,28.09
20250626_133507,2025-06-26 13:35:07,28.05,28.00,27.92,28.06,28.09,28.25,28.08
20250626_133607,2025-06-26 13:36:07,27.94,27.92,27.86,28.01,28.10,28.24,28.05
20250626_133707,2025-06-26 13:37:07,27.96,27.97,27.86,28.02,28.05,28.22,28.04
20250626_133807,2025-06-26 13:38:07,28.13,28.09,27.93,28.11,28.08,28.26,28.08
20250626_133907,2025-06-26 13:39:07,28.09,28.09,28.03,28.27,28.07,28.30,28.13
20250626_134007,2025-06-26 13:40:07,28.10,28.10,28.13,28.35,28.08,28.33,28.18
20250626_134107,2025-06-26 13:41:07,28.06,28.06,28.09,28.25,28.11,28.32,28.18
20250626_134207,2025-06-26 13:42:07,28.19,28.21,28.12,28.32,28.13,28.34,28.21
20250626_134307,2025-06-26 13:43:07,28.26,28.22,28.16,28.33,28.19,28.40,28.24
20250626_134407,2025-06-26 13:44:07,28.15,28.10,28.10,28.24,28.19,28.36,28.22
20250626_134507,2025-06-26 13:45:07,28.10,28.07,28.05,28.21,28.18,28.33,28.20
20250626_134607,2025-06-26 13:46:07,28.08,28.08,28.04,28.20,28.16,28.39,28.19
20250626_134707,2025-06-26 13:47:07,27.90,27.93,27.96,28.12,28.13,28.34,28.14
20250626_134807,2025-06-26 13:48:07,27.83,27.84,27.85,27.99,28.01,28.17,28.04
20250626_134907,2025-06-26 13:49:07,28.04,27.99,27.92,28.10,28.02,28.18,28.05
20250626_135007,2025-06-26 13:50:07,27.99,27.92,28.00,28.15,27.98,28.15,28.05
20250626_135107,2025-06-26 13:51:07,28.01,27.93,27.96,28.07,27.94,28.11,28.03
20250626_135207,2025-06-26 13:52:07,27.97,27.94,27.98,28.13,27.92,28.12,28.03
20250626_135307,2025-06-26 13:53:07,28.01,27.93,27.93,28.04,27.98,28.16,28.02
20250626_135407,2025-06-26 13:54:07,28.02,27.94,27.89,27.99,28.00,28.17,28.01
20250626_135507,2025-06-26 13:55:07,27.66,27.69,27.77,27.89,27.89,28.07,27.93
20250626_135607,2025-06-26 13:56:07,27.92,27.84,27.77,27.91,27.88,28.06,27.91
20250626_135707,2025-06-26 13:57:07,28.12,27.98,27.80,27.95,27.94,28.14,27.95
20250626_135807,2025-06-26 13:58:07,27.98,27.91,27.82,27.96,27.90,28.06,27.94
20250626_135907,2025-06-26 13:59:07,27.78,27.75,27.79,27.92,27.81,27.99,27.89
20250626_140007,2025-06-26 14:00:07,27.63,27.66,27.67,27.82,27.77,27.96,27.83
20250626_140107,2025-06-26 14:01:07,27.76,27.74,27.70,27.92,27.73,27.99,27.82
20250626_140207,2025-06-26 14:02:07,27.83,27.76,27.75,27.90,27.75,27.94,27.83
20250626_140307,2025-06-26 14:03:07,27.75,27.72,27.75,27.90,27.71,27.90,27.81
20250626_140407,2025-06-26 14:04:07,27.82,27.83,27.79,27.95,27.73,27.97,27.84
20250626_140507,2025-06-26 14:05:07,27.86,27.79,27.75,27.87,27.81,27.99,27.85
20250626_140607,2025-06-26 14:06:07,27.77,27.73,27.71,27.84,27.81,28.03,27.84
20250626_140707,2025-06-26 14:07:07,27.68,27.63,27.69,27.92,27.69,27.93,27.81
20250626_140807,2025-06-26 14:08:07,27.70,27.61,27.66,27.79,27.66,27.84,27.76
20250626_140907,2025-06-26 14:09:07,27.65,27.60,27.57,25.51,27.67,27.82,27.72
20250626_141007,2025-06-26 14:10:07,27.74,27.75,27.55,27.71,27.68,27.86,27.71
20250626_141107,2025-06-26 14:11:07,27.75,27.77,27.64,27.81,27.68,27.91,27.74
20250626_141207,2025-06-26 14:12:07,27.80,27.80,27.64,27.81,27.76,28.01,27.78
20250626_141307,2025-06-26 14:13:07,27.88,27.88,27.70,27.88,27.80,28.05,27.83
20250626_141407,2025-06-26 14:14:07,27.86,27.84,27.80,28.00,27.80,28.05,27.88
20250626_141507,2025-06-26 14:15:07,27.89,27.84,27.78,25.75,27.86,28.12,27.91
20250626_141607,2025-06-26 14:16:07,28.00,27.94,27.80,27.95,27.91,28.14,27.94
20250626_141707,2025-06-26 14:17:07,27.88,27.82,27.77,27.89,27.89,28.03,27.91
20250626_141807,2025-06-26 14:18:07,27.79,27.75,27.69,27.83,27.83,27.98,27.86
20250626_141907,2025-06-26 14:19:07,27.79,27.73,27.66,27.79,27.82,27.95,27.82
20250626_142007,2025-06-26 14:20:07,27.75,27.69,27.60,27.73,27.80,27.91,27.78
20250626_142107,2025-06-26 14:21:07,27.61,27.58,27.45,27.61,27.75,27.80,27.70
20250626_142207,2025-06-26 14:22:07,27.78,27.77,27.52,27.73,27.79,27.96,27.73
20250626_142307,2025-06-26 14:23:07,27.78,27.81,27.62,27.84,27.77,27.97,27.78
20250626_142407,2025-06-26 14:24:07,27.74,27.77,27.65,27.85,27.74,27.97,27.79
20250626_142507,2025-06-26 14:25:07,27.90,27.90,27.73,27.91,27.80,27.98,27.83
20250626_142607,2025-06-26 14:26:07,27.94,27.86,27.76,27.95,27.80,27.97,27.86
20250626_142707,2025-06-26 14:27:07,27.76,27.74,27.79,27.93,27.73,27.90,27.84
20250626_142807,2025-06-26 14:28:07,27.72,27.71,27.72,27.85,27.73,27.92,27.81
20250626_142907,2025-06-26 14:29:07,27.77,27.73,27.70,27.83,27.77,28.00,27.81
20250626_143007,2025-06-26 14:30:07,27.63,27.62,27.63,27.80,27.74,27.96,27.78
20250626_143107,2025-06-26 14:31:07,27.76,27.69,27.65,27.80,27.71,27.93,27.77
20250626_143207,2025-06-26 14:32:07,27.81,27.72,27.61,27.72,27.72,27.87,27.75
20250626_143307,2025-06-26 14:33:07,27.95,27.81,27.61,27.71,27.72,27.85,27.74
20250626_143407,2025-06-26 14:34:07,27.70,27.67,27.57,27.70,27.72,27.87,27.72
20250626_143507,2025-06-26 14:35:07,27.71,27.72,27.54,27.70,27.71,27.88,27.71
20250626_143607,2025-06-26 14:36:07,27.76,27.75,27.61,27.79,27.70,27.85,27.73
20250626_143707,2025-06-26 14:37:07,27.72,27.69,27.64,27.79,27.68,27.88,27.74
20250626_143807,2025-06-26 14:38:07,27.88,27.77,27.61,27.75,27.75,27.94,27.76
20250626_143907,2025-06-26 14:39:07,27.62,27.64,27.56,27.71,27.75,27.95,27.74
20250626_144007,2025-06-26 14:40:07,27.70,27.66,27.53,27.70,27.72,27.95,27.73
20250626_144107,2025-06-26 14:41:07,27.67,27.67,27.53,25.52,27.72,27.94,27.72
20250626_144207,2025-06-26 14:42:07,27.80,27.80,27.62,27.79,27.74,27.93,27.75
20250626_144307,2025-06-26 14:43:07,27.83,27.86,27.70,27.90,27.74,27.97,27.80
20250626_144407,2025-06-26 14:44:07,27.90,27.91,27.80,28.00,27.80,28.04,27.87
20250626_144507,2025-06-26 14:45:07,27.89,27.90,27.84,28.00,27.83,28.02,27.90
20250626_144607,2025-06-26 14:46:07,27.89,27.87,27.86,27.96,27.81,27.98,27.90
20250626_144707,2025-06-26 14:47:07,28.02,27.98,27.91,28.02,27.87,28.03,27.94
20250626_144807,2025-06-26 14:48:07,28.11,28.01,27.93,28.01,27.95,28.10,27.98
20250626_144907,2025-06-26 14:49:07,27.88,27.82,27.82,27.93,27.90,28.01,27.93
20250626_145007,2025-06-26 14:50:07,27.91,27.82,27.79,27.89,27.91,28.02,27.91
20250626_145107,2025-06-26 14:51:07,28.06,27.97,27.80,27.92,27.93,28.12,27.94
20250626_145207,2025-06-26 14:52:07,28.05,27.96,27.85,27.98,27.94,28.12,27.96
20250626_145307,2025-06-26 14:53:07,28.01,27.95,27.90,28.03,27.95,28.11,27.98
20250626_145407,2025-06-26 14:54:07,27.92,27.86,27.85,27.92,27.96,28.13,27.97
20250626_145507,2025-06-26 14:55:07,27.91,27.86,27.82,27.93,27.98,28.17,27.97
20250626_145607,2025-06-26 14:56:07,28.03,27.89,27.85,27.94,27.95,28.07,27.96
20250626_145707,2025-06-26 14:57:07,27.90,27.79,27.81,27.90,27.90,27.99,27.92
20250626_145807,2025-06-26 14:58:07,27.73,27.68,27.66,27.77,27.83,27.94,27.84
20250626_145907,2025-06-26 14:59:07,27.96,27.85,27.69,27.79,27.88,27.97,27.84
20250626_150007,2025-06-26 15:00:07,27.92,27.84,27.69,27.82,27.86,27.97,27.84
20250626_150107,2025-06-26 15:01:07,27.93,27.83,27.71,27.83,27.87,27.99,27.85
20250626_150207,2025-06-26 15:02:07,27.51,27.50,27.50,27.60,27.75,27.75,27.71
20250626_150307,2025-06-26 15:03:07,27.59,27.50,27.51,27.58,27.64,27.68,27.64
20250626_150407,2025-06-26 15:04:07,27.63,27.50,27.47,27.52,27.58,27.61,27.58
20250626_150507,2025-06-26 15:05:08,27.33,27.31,27.29,27.36,27.46,27.51,27.46
20250626_150608,2025-06-26 15:06:08,27.23,27.26,27.26,27.37,27.35,27.48,27.39
20250626_150707,2025-06-26 15:07:07,27.40,27.39,27.26,27.37,27.33,27.49,27.37
20250626_150807,2025-06-26 15:08:07,27.38,27.36,27.32,27.47,27.33,27.47,27.39
20250626_150908,2025-06-26 15:09:08,27.13,27.12,27.17,27.27,27.21,27.33,27.29
20250626_151007,2025-06-26 15:10:07,27.38,27.35,27.18,27.32,27.26,27.41,27.30
20250626_151107,2025-06-26 15:11:07,27.37,27.30,27.26,27.39,27.26,27.42,27.32
20250626_151207,2025-06-26 15:12:07,27.28,27.27,27.26,27.40,27.23,27.42,27.32
20250626_151307,2025-06-26 15:13:07,27.13,27.14,27.20,27.28,27.25,27.44,27.29
20250626_151407,2025-06-26 15:14:07,27.15,27.13,27.18,27.30,27.23,27.44,27.28
20250626_151507,2025-06-26 15:15:07,27.19,27.15,27.13,27.23,27.20,27.31,27.24
20250626_151607,2025-06-26 15:16:07,27.29,27.25,27.14,27.22,27.22,27.33,27.23
20250626_151707,2025-06-26 15:17:07,27.36,27.27,27.17,27.26,27.22,27.37,27.25
20250626_151807,2025-06-26 15:18:07,27.31,27.27,27.16,27.27,27.24,27.39,27.26
20250626_151907,2025-06-26 15:19:07,27.40,27.28,27.14,27.21,27.24,27.30,27.25
20250626_152007,2025-06-26 15:20:07,27.40,27.25,27.15,27.23,27.26,27.37,27.26
20250626_152107,2025-06-26 15:21:07,27.35,27.24,27.15,27.21,27.22,27.32,27.24
20250626_152207,2025-06-26 15:22:07,27.26,27.18,27.05,27.10,27.20,27.23,27.19
20250626_152307,2025-06-26 15:23:07,27.19,27.16,27.01,27.10,27.15,27.21,27.15
20250626_152407,2025-06-26 15:24:07,27.15,27.11,27.01,27.11,27.15,27.26,27.14
20250626_152507,2025-06-26 15:25:07,27.17,27.16,27.04,27.10,27.13,27.23,27.13
20250626_152607,2025-06-26 15:26:07,27.29,27.23,27.02,27.10,27.16,27.28,27.14
20250626_152707,2025-06-26 15:27:07,27.15,27.15,27.03,24.99,27.15,27.22,27.13
20250626_152807,2025-06-26 15:28:07,27.14,27.09,27.07,27.15,27.09,27.21,27.13
20250626_152907,2025-06-26 15:29:07,27.22,27.14,27.06,27.14,27.12,27.26,27.14
20250626_153007,2025-06-26 15:30:07,27.15,27.15,27.10,27.17,27.10,27.23,27.15
20250626_153107,2025-06-26 15:31:07,27.35,27.23,27.09,27.14,27.15,27.29,27.17
20250626_153207,2025-06-26 15:32:07,27.17,27.07,27.03,27.07,27.17,27.24,27.14
20250626_153307,2025-06-26 15:33:07,27.10,27.10,26.99,27.05,27.16,27.26,27.12
20250626_153407,2025-06-26 15:34:07,26.99,27.02,27.04,25.00,27.07,27.18,27.09
20250626_153507,2025-06-26 15:35:07,26.96,26.99,27.05,27.15,27.04,27.17,27.09
20250626_153607,2025-06-26 15:36:07,27.03,27.03,27.01,27.11,27.04,27.19,27.09
20250626_153707,2025-06-26 15:37:07,27.07,27.03,27.01,27.10,27.07,27.23,27.09
20250626_153807,2025-06-26 15:38:07,26.93,26.91,26.99,27.15,26.98,27.20,27.07
20250626_153907,2025-06-26 15:39:07,26.88,26.89,27.02,27.19,26.92,27.16,27.06
20250626_154007,2025-06-26 15:40:07,27.10,27.01,26.94,27.03,26.95,27.08,27.02
20250626_154107,2025-06-26 15:41:07,27.16,27.11,26.93,27.03,27.00,27.13,27.03
20250626_154207,2025-06-26 15:42:07,27.09,27.07,26.92,26.98,27.00,27.09,27.02
20250626_154307,2025-06-26 15:43:07,27.09,27.05,26.88,26.93,27.00,27.11,27.00
20250626_154407,2025-06-26 15:44:07,26.93,26.89,26.87,26.92,26.93,27.00,26.95
20250626_154507,2025-06-26 15:45:07,26.92,26.90,26.80,26.84,26.90,26.98,26.91
20250626_154607,2025-06-26 15:46:07,26.94,26.90,26.77,26.81,26.87,26.92,26.87
20250626_154707,2025-06-26 15:47:07,26.92,26.89,26.75,26.83,26.86,26.92,26.86
20250626_154807,2025-06-26 15:48:07,26.91,26.91,26.82,26.94,26.83,26.93,26.87
20250626_154907,2025-06-26 15:49:07,26.95,26.95,26.87,26.97,26.87,27.01,26.91
20250626_155007,2025-06-26 15:50:07,26.87,26.81,26.91,27.02,26.84,26.99,26.92
20250626_155107,2025-06-26 15:51:07,26.95,26.89,26.95,27.04,26.88,27.07,26.96
20250626_155207,2025-06-26 15:52:07,26.85,26.79,26.87,26.94,26.90,27.07,26.94
20250626_155307,2025-06-26 15:53:07,26.91,26.85,26.86,26.94,26.90,27.00,26.93
20250626_155407,2025-06-26 15:54:07,26.79,26.75,26.84,26.91,26.84,27.00,26.90
20250626_155507,2025-06-26 15:55:07,26.75,26.78,26.80,26.88,26.80,26.93,26.86
20250626_155607,2025-06-26 15:56:07,26.67,26.66,26.81,26.91,26.70,26.94,26.84
20250626_155707,2025-06-26 15:57:07,26.70,26.66,26.70,26.77,26.75,26.92,26.80
20250626_155807,2025-06-26 15:58:07,26.70,26.68,26.63,26.71,26.77,26.93,26.77
20250626_155907,2025-06-26 15:59:07,26.64,26.67,26.61,26.73,26.72,26.91,26.75
20250626_160007,2025-06-26 16:00:07,26.80,26.86,26.65,26.76,26.74,26.91,26.76
20250626_160107,2025-06-26 16:01:07,26.80,26.83,26.67,26.77,26.77,26.91,26.78
20250626_160207,2025-06-26 16:02:07,26.80,26.78,26.64,26.74,26.83,26.99,26.79
20250626_160307,2025-06-26 16:03:07,26.73,26.71,26.63,26.72,26.81,26.91,26.77
